cw	pmi_4	raw_4	freq
!/$.	-0.5112534	7	1852732
"""/$("	-0.47246596	79	9229108
#Wortgefechte/NN	11.013845	1	1
&/KON	-0.71547633	1	139254
&bdquo;Soldaten/NN	9.537938	1	5
&ndash/NE	1.3080465	1	31062
'/$(	-1.185134	3	670571
(/$(	-0.8696455	35	5742300
)/$(	-0.8788189	34	5951051
,/$,	0.007875254	745	46561862
-/$(	-0.19120711	45	3718681
-CIO/NE	9.566926	1	5
.../$(	0.35036197	14	679719
../NE	-0.249694	2	309421
./$.	0.18275025	362	37685318
1./ADJ	-0.50085455	2	239935
12/CAR	0.2850496	3	186423
14/CAR	-0.67859393	1	161878
15/CAR	-0.99693334	1	214077
150/CAR	0.7619787	1	31871
1810/CAR	3.9207518	1	1441
1970/CAR	1.3970068	1	18116
1984/CAR	0.9345571	1	29314
1996/CAR	-0.15260866	1	87760
1997/CAR	-0.27546182	1	99247
1:1/CAR	2.5401857	1	5451
22/CAR	-0.17570214	1	102653
24:26-Rückstand/NN	10.454229	1	2
25/CAR	0.8057353	4	145405
25°/NN	6.9997168	1	69
35/CAR	0.32003534	1	55181
36/CAR	0.776093	1	34543
39/CAR	0.8818582	1	32208
44/CAR	0.8959772	1	31187
5./ADJ	-0.27416348	1	100706
500/CAR	0.42296427	1	44084
6./ADJ	-0.100189336	1	83257
7/CAR	-0.76049715	1	154720
9/11/CAR	4.300889	1	937
92/CAR	1.7922186	1	12368
:/$.	-0.427489	32	7478139
;-/ADJ	3.831873	1	1381
;/$.	0.40595606	16	1434734
>/$(	-0.25233814	5	434859
?/$.	-0.16628623	13	2091348
@card@/CAR	-1.7834159	20	8972708
AFL-CIO/NE	5.8160386	1	195
AFL/NN	7.334385	1	44
AIPAC/NE	6.043164	1	161
Aachen/NE	1.5292213	1	15154
Abbruch/NN	2.24263	1	7283
Abend/NN	1.2623092	4	78758
Abendrot/NN	5.497899	1	294
Abgeordnete/NN	1.2006823	2	40486
Abkühlung/NN	4.4180646	2	1685
Ablenkungs)Debatten/NN	11.013845	1	1
Abraham/NE	2.1168122	1	8552
Abschneiden/NN	3.2656546	1	2492
Action-Meisters/NN	11.147376	1	1
Adalbert/NE	3.9781363	1	1321
Administration/NN	2.549789	1	5182
Affekt/NN	4.197383	2	2001
Afrika/NE	0.66373837	1	35363
Aktion/NN	-0.20477653	1	83374
Al-Sadr/NE	7.8729305	1	33
Alexander/NE	0.9974027	1	26711
Alexanderplatz/NN	3.6168964	1	1836
Allzusehr/ADJ	11.013845	1	2
Alt-Erzbischof/NN	8.560687	1	12
Altersbezug/NN	6.0023766	1	164
Altgermanist/NN	8.468314	1	17
Altstadt-Keller/NN	11.483849	1	1
Alzheimer-Patient/NN	5.289443	1	346
Andi/NE	3.7430103	1	1859
Andre/NE	2.2861073	1	7426
Andrea/NE	0.9942592	2	55988
Anfangsphase/NN	4.1916475	2	2002
Anführer/NN	2.4733503	1	5637
Angelegenheit/NN	0.539498	1	38535
Angeles/NE	2.2175062	1	7384
Angesicht/NN	2.2813792	1	6835
Angestellte/NN	0.8679997	1	27712
Angriff/NN	1.2936394	3	54918
Anlaß/NN	2.8061366	12	49405
Annäherungsversuch/NN	5.0149083	1	457
Anschuldigung/NN	3.1287038	1	2922
Ansicht/NN	0.78412944	2	61262
Antenne/NN	2.462637	1	5688
Antisemitismus/NN	1.9678708	2	19295
Antrag/NN	-0.57260853	1	119684
Antragsberatung/NN	6.5785737	1	91
Anwesenheit/NN	2.7996619	3	11936
Anzahl/NN	0.12603197	1	57755
Anzünden/NN	4.912966	1	543
Aplomb/NN	7.2325	1	48
Apollo/NE	5.479715	4	1167
Apostelgruppe/NN	10.60838	1	2
Arafat/NE	1.5340884	1	15143
Arbeit/NN	-1.1435907	2	421126
Arbeitgeberlager/NN	6.272179	1	128
Architekt/NN	1.1391299	1	21499
Arena/NN	2.9310954	2	7194
Argument/NN	0.45551264	1	44038
Art/NN	0.2717247	6	343349
Artikel/NN	0.14762692	3	189201
Arts/NN	4.767254	1	547
Asphalttemperatur/NN	10.816019	4	5
Assistent/NN	2.192998	1	7406
Asyl/NN	2.1396768	1	8262
Atemweg/NN	3.2768285	1	2559
Atlantik/NN	2.7849007	1	4189
Atmosphere/NN	6.6749215	1	89
Atmosphäre/NN	3.7862732	20	30857
Attacke/NN	3.3547916	3	7073
Attatürk/NE	7.9228024	1	27
Aufmerksamkeit/NN	0.6565388	1	35447
Aufruhr/NN	3.2008095	1	2849
Aufsteigen/NN	4.820716	1	544
Aufstellung/NN	1.6631342	1	12673
Aufwallung/NN	6.0956907	1	147
Aufwind/NN	3.9629638	1	1397
Auge/NN	-0.880416	1	164146
August/NE	1.7941114	1	15083
Auktion/NN	2.7168622	1	4503
Ausbildungsplatzumlage/NN	6.296463	1	133
Ausbreitung/NN	2.3075821	1	6427
Ausbruch/NN	1.8346083	1	10626
Ausdruckskraft/NN	4.767254	1	582
Auseinandersetzung/NN	3.8547451	43	59760
Ausein­ander­setzungen/NN	10.097554	1	3
Ausgestaltung/NN	1.793839	1	10732
Auslegungs-Streitigkeiten/NN	11.301527	1	1
Ausrutscher/NN	4.1298704	1	1108
Ausschweifung/NN	4.4835143	1	748
Aussprache/NN	3.2103333	2	5470
Ausspruch/NN	2.6648338	1	4671
Ausstellung/NN	0.063815065	1	65057
Ausstellungsraum/NN	3.930562	1	1333
Aussöhnung/NN	3.8268495	1	1433
Auswirkung/NN	0.12146237	1	58595
Autobahndrängler/NN	9.915233	1	3
Autobahnparkplatz/NN	7.215551	1	50
Autograph/NN	5.1067815	1	395
Außenpolitik/NN	1.8741685	1	10562
Außentemperatur/NN	4.3206763	1	892
BARF-Anhänger/NN	11.013845	1	1
Bach/NN	1.8248687	1	10986
Band/NN	-0.44165924	1	108210
Bankensektor/NN	4.773082	1	571
Barakeh/NE	9.915233	2	8
Baritonarie/NN	11.013845	1	1
Basedows/ADJ	8.102854	1	23
Basketballspiel/NN	5.871451	1	191
Bau-/TRU	2.3216486	1	6261
Bauchenberg/NN	8.195447	1	19
Bauer/NE	2.6201952	3	15853
Bauer/NN	0.92671907	1	26414
Bauernbursch/NN	9.596779	1	5
Bauernhofmuseum/NN	7.1583924	1	56
Baum/NN	0.3100417	1	49770
Bayern/NE	-0.012343622	1	70040
Beat/NN	2.739233	1	4502
Befürworter/NN	4.2485657	6	5893
Begegnung/NN	2.164506	4	30836
Begeisterung/NN	2.7389889	3	13218
Beginn/NN	0.913028	4	110803
Begriffsdefinition/NN	4.7103105	1	673
Behauptung/NN	1.0326906	1	24170
Beinahe-Funk/NN	11.706992	1	1
Beitrag/NN	-1.2349764	1	287857
Bekanntschaft/NN	2.7138133	1	4388
Belagerung/NN	3.197428	1	2699
Bemerkung/NN	1.3545092	1	20128
Benes?-Dekrete/NN	9.050235	1	8
Benezets/NN	10.202915	1	3
Beobachtung/NN	0.88505125	1	28103
Beraterin/NN	3.406091	1	2231
Beratung/NN	0.10497125	1	60633
Berlin/NE	-0.15647396	4	335786
Berliner/ADJ	-0.35273737	1	95017
Berufung/NN	0.8114202	1	30142
Beruhigung/NN	3.5736983	1	1960
Beschuldigung/NN	3.6414912	1	1739
Besondere/NN	2.146902	2	17063
Besprechung/NN	2.694996	2	9161
Besucherzahl/NN	3.463118	1	2167
Beteiligung/NN	0.26555467	1	49893
Betrag/NN	0.44834948	1	41630
Betrieb/NN	-0.59855694	1	119873
Betriebsversammlung/NN	4.68457	2	1226
Betze-Atmosphäre/NN	10.320698	1	2
Bevölkerung/NN	-0.45320013	1	103771
Bewunderung/NN	2.8925502	1	3761
Beziehung/NN	0.19195144	2	108960
Bier/NN	1.8203075	2	22433
Bild/NN	-1.4240395	1	290560
Bildung/NN	-0.40702686	1	100737
Bildungsexperte/NN	5.3517528	1	324
Bioenergie/NN	4.826865	1	562
Biopatentdiskussion/NN	11.147376	1	1
Bitte/NN	1.4038899	1	16810
Bitterkeit/NN	3.966545	1	1309
Blase/NN	2.6422558	1	4864
Bleibe/NN	3.502252	1	2090
Blick/NN	-0.6648248	1	130601
Blut/NN	1.7638724	4	46469
Blutbad/NN	3.9297233	1	1344
Bläsersatz/NN	6.556595	1	92
Blässe/NN	5.0346427	1	438
Bocklemünd/NE	7.086933	1	58
Boden-/TRU	4.0351653	1	1128
Boden/NN	-0.2992261	1	91458
Bohr/NN	4.865911	1	553
Bolivien/NE	2.739265	1	4462
Bonn/NE	0.4025957	1	48668
Brandwunde/NN	5.498402	1	280
Brennpunkt/NN	3.5746162	2	3946
Brooklyn/NE	4.131023	1	1099
Bruder/NN	-0.014196682	1	68603
Brustkrankheit.../NN	11.013845	1	1
Brutzeltod/NN	11.483849	1	1
Buch/NN	-0.80190545	2	306031
Buchholz/NE	3.3065014	1	2515
Buchpräsentation/NN	5.5136075	1	295
Bukett/NN	5.3884745	1	310
Bundesarmee/NN	5.770116	1	203
Bundesfinanzministerium/NN	3.7555208	1	1601
Bundesland/NN	0.28988677	1	49793
Bundestag/NN	1.2940375	3	55269
Bundestagsausschuß/NN	4.9685435	1	452
Bundestagsdebatte/NN	5.501677	2	567
Burleigh/NE	5.827158	1	216
BüSo-Vorsitzenden/NN	8.297496	1	16
Bürgerblock/NN	6.342185	1	119
Bürgerkrieg/NN	1.715116	1	12142
Bürgerrechts-/TRU	6.6286983	1	84
Bürgerschaft/NN	2.4256344	1	5853
Bürohengst/NN	7.5961185	1	35
CDU/NE	0.24176647	1	53537
CIA/NE	2.4644508	1	5659
CPU/NN	3.9601512	1	1320
Cabaletta/NN	9.659299	1	4
Card-Debatte/NN	10.048764	1	3
Carl/NE	2.206953	2	15409
Carlo/NE	1.9235982	1	10309
Castro/NE	3.239567	1	2721
Cavalleriegefecht/NN	11.013845	1	1
Cellini/NN	6.6056027	1	92
Chamisso/NE	6.6996956	1	82
Chance/NN	0.10342765	2	120862
Chaos/NN	2.237051	2	15046
Charakter/NN	0.8468208	2	57543
Charta/NN	3.1137874	2	5839
China/NE	0.016946152	1	67442
Choleriker/NN	5.9949107	1	179
Choreografie-Talent/NN	11.013845	1	1
Chorus/NE	5.603316	1	269
Christian/NE	0.4741775	1	45825
Clade/NN	5.5531964	1	257
Coltan-Geschäft/NN	10.5283375	1	2
Conférencier/NN	6.8433113	1	70
Cop/NN	4.663396	1	657
Crombholz/NN	11.013845	1	1
Cuba/NE	3.6842592	1	1733
Cybersecurity-Konferenz/NN	11.013845	1	1
DFB-Präsidiumssitzung/NN	8.723839	1	11
DT/NN	2.399593	1	5732
DVDs/NN	2.7332606	1	4306
Dachwohnung.../NE	11.013845	1	1
Damm/NN	2.739775	1	4399
Dampf/NN	2.8534696	1	3926
Datenautobahn/NN	5.0589795	1	437
Datenschützer/NN	4.3189735	1	967
Dean/NE	3.2749758	1	2761
Debattanten/NN	8.151644	1	20
Debatte/NN	6.3439474	378	44455
Debatten,die/NN	11.147376	1	1
Debatten?Der/NN	11.013845	1	1
Debattierclubs/NN	7.4911675	1	37
Degeneration/NN	4.840319	1	530
Deklaration/NN	3.524433	1	1976
Delegierte/NN	3.0562446	3	9499
Delirium/NN	5.0547743	1	445
Demo/NN	2.2743485	1	7038
Demokratie/NN	0.14159523	1	59293
Demonstrant/NN	2.1045253	1	8418
Depeschenschlacht/NN	11.483849	1	1
Derby/NN	4.397027	2	1681
Detail/NN	0.48255244	1	43719
Detmold/NE	3.4913096	1	2102
Deutschland/NE	0.3486395	11	533318
Dialog/NN	2.0274203	5	44085
Diana-Gläubigen/NN	11.013845	1	1
Dienstag/NN	0.48343688	1	45332
Dienstleistungsrichtlinie/NN	4.733917	1	616
Disk./NN	10.60838	1	2
Diskusionen/NN	6.4825907	1	105
Diskussion/NN	5.321684	370	123210
Diskussionen[2/NN	11.301527	1	1
Diskussionenen/NN	11.013845	1	1
Diskussionsbeitrag/NN	3.6909218	1	1772
Diskussionsfeuer/NN	11.483849	1	1
Diskussionspartners/NN	8.166033	1	19
Diskussionspunkt/NN	5.310479	1	361
Diskussionsrunde/NN	5.045617	2	866
Disput/NN	5.5409617	6	1569
Dogmatiker/NN	6.0929523	3	466
Donezker/NN	8.411156	1	14
Doppelschlacht/NN	8.130442	1	19
Doppelstaatsbürgerschaft/NN	7.2821455	1	48
Dorfkrug/NN	7.241084	1	51
Dr./NN	-1.4349831	1	300065
Drache/NN	1.6848109	1	12753
Dramolett/NN	7.587955	1	36
Droge/NN	1.1416869	1	21685
Du/PPE	0.31473264	1	51125
Duell/NN	3.1738026	2	5742
Dummheit/NN	2.575019	1	5307
Durban/NN	5.0283356	1	439
Durchmarsch/NN	5.0065684	1	450
Durst/NN	3.437235	2	4512
Durst/bekommen/NN	11.013845	1	1
Dutzend/NN	1.5881513	1	13576
Dynamik/NN	1.5522888	1	14220
Däne/NN	3.2695458	1	2571
E./NE	1.0506392	1	24865
EDV-Einsatz/NN	6.364658	1	120
EU-Parlament/NN	4.883706	3	1564
EU-Staat/NN	4.558085	7	4869
Ebene/NN	-0.17710194	1	79513
Echtheit/NN	3.503962	1	1988
Eck/NN	1.0893484	1	22576
Eduard/NE	5.5671377	18	5067
Edward/NE	2.485687	1	5921
Ehe/NN	0.7016642	1	33153
Ehefrau/NN	1.3927453	1	16388
Eifer/NN	4.292871	5	4501
Eifersucht/NN	2.9232128	1	3776
Eindringlichkeit/NN	5.05639	1	431
Eindruck/NN	0.0038968618	1	66346
Einfluß/NN	-0.19979466	1	79978
Einführung/NN	-0.17247218	1	81239
Einigungschance/NN	7.592028	1	37
Einsatz/NN	0.11499909	2	119621
Einslive/NN	7.939995	1	26
Einwohnerfragestunde/NN	5.852637	1	193
Einzelgänger/NN	4.565945	2	1473
Eis/NN	1.5027798	1	15384
Eisen/NN	2.0034506	1	9201
Ekzem/NN	4.292871	1	938
Elastoman/NE	9.429725	1	6
Eleganz/NN	3.3336117	1	2390
Elisabeth/NE	1.5398335	1	15745
Eltern-/TRU	4.35311	1	837
Eltern/NN	0.22732623	3	161710
Emotion/NN	2.407657	2	12220
Ende/NN	0.7462735	10	327781
Endkampfe/NN	11.013845	1	1
Enge/NN	2.8833442	1	3715
Entscheidung/NN	-1.1054306	1	203147
Entspannung/NN	2.0343025	1	9103
Entstehung/NN	0.82355386	1	28741
Erbe/NN	1.0368457	1	23592
Erde/NN	0.6435843	3	106583
Erdgasdebatte/NN	10.320698	1	2
Erfahrung/NN	-0.96468383	1	177469
Erfurt/NE	1.5722243	1	14472
Ergebnis/NN	-0.016804513	3	219152
Erhaltung/NN	1.4079804	1	15583
Erhard/NE	2.7877398	1	4437
Erholung/NN	1.9692346	1	9631
Erhöhung/NN	0.8362499	1	28273
Erklärung/NN	0.56908023	2	77302
Erklärungsversuch/NN	4.290163	1	990
Erkrankung/NN	0.47393605	1	41797
Erkundung/NN	3.05623	1	3174
Erotik/NN	3.9551942	2	2643
Erwiderung/NN	4.1123595	1	1149
Erziehungsnotstand/NN	7.5364585	1	40
Es/NN	1.1739897	1	23158
Eskapade/NN	4.663396	1	618
Essay/NN	2.0672424	1	8832
Esse/NN	1.3536658	4	75169
Ethikdebatte/NN	10.558708	18	34
Europa/NE	0.1269339	3	182129
Europäer/NN	1.5665568	1	14104
Eva-Maria/NE	4.1413283	1	1179
Evangelium/NN	1.278887	1	18918
Evergreens/NE	6.9642363	1	65
Evolutionsbiolog/NN	6.037974	1	171
Exen/NN	6.8707104	1	66
Experte/NN	1.4847721	3	48320
Expressionist/NN	4.9655867	1	476
Fachöffentlichkeit/NN	4.710082	1	591
Fahrenheit/NN	4.515563	1	753
Fahrer/NN	2.5093508	4	22203
Fake-Usern/NN	11.013845	1	1
Fall/NN	-1.8839132	1	444449
Falte/NN	3.1663265	1	2907
Familie/NN	-1.1418846	1	215768
Familien-Palais/NN	11.013845	1	1
Familienmitglied/NN	3.0419178	2	6369
Fan/NN	1.2783176	2	37827
Fatah-Hälfte/NN	11.013845	1	1
Fazit/NN	0.8632093	1	58792
Fehlverhaltensmöglichkeiten/NN	11.013845	1	1
Feile/NN	5.578759	2	516
Feminismus/NN	3.4570904	1	2188
Fenster/NN	0.42757314	1	44211
Ferdinand/NE	2.8734748	2	7960
Fest/NN	0.8223442	1	29887
Feuchte/NN	4.3171196	1	908
Feuer/NN	2.078402	4	34326
Feuergefecht/NN	4.850004	1	527
Feuerhölzern/NN	11.013845	1	1
Feuerlilien/NN	9.692089	1	5
Feuerwerk/NN	2.2743685	1	6978
Feuerwerksrakete/NN	7.0341635	1	59
Feuilleton/NN	3.6874616	2	3399
Fieber--um/NN	11.013845	1	1
Fieber/NN	5.3535676	23	7596
Fiebertraum/NN	6.7182617	1	84
Fights/NN	7.19476	2	106
Film/NN	-1.0611931	1	196044
Filmteam/NN	4.7025642	1	618
Finalsatz/NN	6.645981	1	88
Finanzgebaren/NN	5.8257613	1	193
Finsternau/NN	11.013845	1	1
Fischer/NE	0.63884324	1	39314
Flagge/NN	2.511537	1	5583
Flamenco/NE	4.7308774	1	621
Fleisch/NN	0.73590153	1	32754
Fliegenwedel/NN	8.383757	1	15
Flirt/NN	4.1691628	1	1075
Flohr/NN	6.255954	1	139
Flowtex-Untersuchungsausschuss/NN	10.202915	1	3
Flughafenschaltern/NN	9.429725	1	5
Flüssigkeit/NN	1.7818655	1	11328
Folge/NN	-0.9173631	1	178355
Folgezeit/NN	2.8428814	1	3955
Form/NN	-0.5893067	2	234628
Forum/NN	0.7528826	3	106824
Foul/NN	3.1263547	1	3013
Frage/NN	0.7722306	16	532670
Fraktion/NN	0.76031697	1	30688
Frank/NE	0.65362906	1	39197
Frankreich/NE	0.53795767	2	79594
Franz/NE	1.3395505	2	37613
Franzose/NN	1.4446071	1	15946
Frau/NN	-0.20444064	6	504525
Freiheitssänger/NN	10.454229	1	2
Freund/NE	2.401819	1	6340
Freund/NN	1.0679407	6	141155
Freundschaft/NN	1.2191823	1	20369
Friedhofsbesucher/NN	7.430326	1	39
Friedrich/NE	2.6941886	10	48356
Frieselneber/NN	11.147376	1	1
Fritsch/NE	3.898974	1	1556
Fritzlar/NE	6.139602	1	147
Frustration/NN	3.1295037	1	2955
Frühlingsfest/NN	6.015226	3	511
Fuchsjagd/NN	6.0704184	1	170
Fundloch/NN	10.5283375	2	4
Fußball/NN	1.1679997	1	22015
Fähigkeit/NN	-0.07361226	1	69895
Gang/NN	1.6640109	3	39417
Garnisonkirche/NN	5.935551	1	176
Garten/NN	0.41984186	1	44514
Gatte/NN	3.089682	1	3052
Geburth/NN	10.320698	1	2
Gebäude/NN	-0.046730105	1	69378
Gedanke/NN	-0.4268135	1	103148
Gefahr/NN	0.22791955	2	106122
Gefecht/NN	5.753896	22	4771
Gefühl/NN	0.7177679	3	96711
Gefühlsdrama/NN	9.222086	1	7
Gefühlswelt/NN	4.39778	1	823
Gegensatz/NN	0.13646312	1	61399
Gegenseite/NN	3.1329463	1	2962
Gegenstand/NN	2.5154839	13	70081
Gegenstück/NN	3.276774	1	2527
Gegenteil/NN	0.6777515	1	44738
Gegenzug/NN	2.3445532	1	7028
Gegner/NN	1.7163526	4	48264
Geist/NN	0.7006541	3	99842
Geld/NN	8.686567	1	11
Gelegenheit/NN	0.18084945	1	53661
Gelächter/NN	3.3512008	1	2549
Gemeinderat/NN	3.2664533	5	12921
Gemeinderatssitzung/NN	4.6018214	1	677
Gemenge/NN	5.497899	1	273
Gemüt/NN	4.8704643	13	6789
Gemütsregung/NN	7.2881517	1	46
Genozids/NN	5.0127397	1	439
Genua/NE	2.9317904	1	3608
Georg/NE	0.84432685	1	30955
Gerechtigkeit/NN	0.5733489	1	38219
Gerücht/NN	1.8197229	1	11248
Geschehen/NN	1.2026578	1	20204
Geschenk/NN	1.1062161	1	22652
Geschichte/NN	-0.066103324	4	291606
Geschlechterfrage/NN	5.3648705	1	316
Geschlechterkampf/NN	5.5944166	1	266
Geschäft/NN	0.18244451	1	56119
Geschäftsleute/NN	3.0288713	1	3230
Gesellschaft/NN	-0.18773279	3	241218
Gesetz/NN	-0.03485479	3	207522
Gesetzesentwurf/NN	3.218816	1	2681
Gesetzgebungsprozeß/NN	5.346986	1	329
Gesicht/NN	1.4646178	4	64069
Gespräch/NN	2.3484259	17	111000
Gesprächsgäste/NN	9.4044075	1	8
Gesprächspartner/NN	2.2594674	1	7173
Gesprächsstoff/NN	4.7091675	1	661
Gesundheit/NN	0.109681904	1	60548
Gesundheitswesen/NN	1.441208	1	15892
Getränk/NN	2.3016198	3	21235
Gewalt/NN	0.34897205	2	95072
Gewaltdarstellung/NN	4.3206763	1	896
Gewehrfeuer/NN	6.2421017	1	135
Gewerkschaft/NN	0.9312781	2	52850
Gewerkschaftsführer/NN	4.5004296	1	753
Gewürz/NN	2.649162	1	4892
Giacomel/NN	8.816621	1	11
Gilligan/NE	5.3817377	1	331
Gipfelgespräch/NN	6.8452435	1	70
Gitarrenrhythmus/NN	9.142043	1	7
Gladiator/NN	4.6644874	1	642
Glaubensfrage/NN	4.4268117	1	832
Glaubensgespräch/NN	6.7529273	1	84
Globalisierungsdebatte/NN	5.9528337	1	175
Goethe/NE	1.1920353	1	21627
Goldgrab/NN	5.6356773	1	247
Goldgräbers/NN	9.264646	1	6
Goldschatz/NN	5.2861834	1	340
Gontard/NE	6.5422063	1	101
Gott/NN	-0.9704476	2	369291
Gottesdienstbesuch/NN	5.8921156	1	193
Grabenkrieg/NN	6.581541	1	93
Grad/NN	2.0785968	6	50125
Grandier/NE	9.915233	1	3
Green/NE	2.5200996	1	5596
Grenze/NN	0.17713954	2	112519
Grenzpolizist/NN	5.9990516	1	169
Großbauer/NN	5.772098	1	208
Großbritannien/NE	0.7874138	1	31251
Großteil/NN	1.1893127	1	20421
Grund/NN	-0.8693764	2	332854
Gruner/NN	3.9907541	1	1257
Guinand/NE	8.982412	1	9
Gulfhaus/NE	9.482368	1	7
Gunfights/NN	9.627551	1	4
Haar/NN	0.6808015	1	34585
Hakims/NN	8.458557	1	15
Halb-Franzose/NN	11.013845	2	2
Halbfinal-Duells/NN	11.013845	1	1
Halbzeit/NN	3.1261983	3	8901
Hallo/NN	-0.16861963	1	84869
Hals/NN	1.400242	1	16833
Hamburger/ADJ	0.6738581	1	34135
Hand./NN	1.6052892	1	12382
Handball-Oberliga-Aufsteiger/NN	11.013845	1	1
Handel/NN	0.4722573	1	41723
Handgemenge/NN	5.645244	2	492
Handlung/NN	0.97957045	2	49780
Hansheiner/NE	5.914741	1	170
Hau-das-Stück-Manier/NN	11.013845	1	1
Hauptthema/NN	3.4914448	1	2261
Haus/NN	0.014393968	4	267130
Haushalt/NN	0.30581143	1	48585
Haushaltsdebatte/NN	6.1244364	2	297
Haushaltsdiskussion/NN	7.963388	1	24
Haustür/NN	2.6066062	1	5071
Haß/NN	1.2495477	1	19257
Heike_Jackler/NN	6.8204093	1	171
Heilige/NN	0.30085602	1	49066
Heiliggeistkirche/NN	6.539353	1	95
Held/NN	1.936008	3	29468
Helfen/NN	3.6543775	1	1989
Helga/NE	2.4072683	1	6830
Herd/NN	1.8078014	1	11160
Herr/NN	0.48850152	7	305836
Herz/NN	-0.5158835	1	113409
Herzensammeln/NN	11.013845	1	1
Herzentzündung/NN	8.966152	1	10
Hetze/NN	3.2598996	1	2578
Himmel/NN	0.04571567	1	65282
Hin-/TRU	3.3366182	1	2357
Hintergrund/NN	0.5739262	2	81108
Hinterzimmer/NN	4.5510106	1	710
Hirnforscher/NN	5.4674478	2	585
Historiker-Streit/NN	8.888594	1	9
Historiker/NN	2.5600798	3	15577
Historikerstreit/NN	5.222357	1	377
Hitler/NE	2.4090714	5	31412
Hochhuths/NE	6.5508146	1	100
Hoffmann/NE	2.5752623	2	11166
Holzkreuz/NN	5.07862	1	416
Homberg/NE	6.568257	1	100
Hoshi/NE	5.036543	1	474
Hotte/NN	5.7948413	1	236
Hotti/NE	7.9003296	1	26
Hyun/NE	6.7689276	1	76
Hälfte/NN	-0.06173569	1	70077
Hän-/TRU	9.332087	2	11
Häring/NN	6.0722027	1	166
Höhepunkt/NN	1.7503312	2	25498
Höllische/NN	7.810083	1	27
Hündin/NN	3.9010084	2	2789
Hütte/NN	1.8027924	1	11190
IAM/NE	5.8547897	1	193
IGLU-Test/NN	8.674446	1	11
Imbißbudenbesitzer/NN	8.571498	1	12
Impression/NN	3.7485027	1	1693
Indígena-Organisationen/NN	7.731994	1	28
Infografiken/NN	6.7148604	1	86
Information/NN	-1.3055725	1	270027
Inschrift/NN	2.933569	1	3743
Insider/NN	3.267112	1	2738
Institution/NN	0.1667653	1	55582
Internet/NN	-0.753588	1	152207
Internetdiskussion/NN	8.374787	1	17
Irak-Krieg/NN	3.6244354	4	7287
Islamisten/NN	2.7062006	1	4501
Island/NE	1.9183264	1	10164
Israel/NE	1.190493	5	104385
Itzig/NE	8.448895	1	14
J./NE	0.79923505	1	33431
JC/NE	4.059445	1	1605
Jagd/NN	1.554099	1	14259
Jahr/NN	-0.05234125	23	1608053
Jahrestag/NN	2.2460682	1	9473
Jahrezehnten/NN	8.627378	1	11
Jahrgang/NN	2.5621953	3	16005
Jahrtausend/NN	1.7793121	1	11333
Jahrzehnt/NN	1.6493039	4	50289
Jakobsen/NE	6.7961774	1	77
Jameson/NN	6.228961	2	272
Jane/NE	2.9490905	1	3790
Japan/NE	0.7203021	1	33448
Jazzfieber/NN	10.454229	1	2
Jens/NE	1.6621895	1	14389
John/NE	1.2872773	2	40333
Jose/NE	3.6251307	1	1847
Juli/NN	0.17916209	2	145675
Julius/NE	5.2050323	14	5460
Junge/NN	0.10423514	1	61507
Junggeselle/NN	4.439467	1	813
Jurist/NN	1.7525977	1	11705
Jäger/NN	1.5643991	1	14501
K./NE	1.020871	1	26534
Kabale/NN	4.732747	1	594
Kaffeetisch/NN	6.177563	1	140
Kalessan/NE	6.546501	1	110
Kalte/NN	3.6954713	1	1718
Kameraführung/NN	4.665799	1	655
Kampagne/NN	0.95652646	1	25739
Kampf/NN	1.9808822	12	109965
Kampfgetümmel/NN	6.427603	1	108
Kampfhunde-Debatte/NN	9.627551	1	6
Kampfmittel/NN	4.504517	1	727
Kandidatur/NN	2.8693836	1	3769
Kannibalismus/NN	4.6772404	1	670
Kanzler/NN	1.1782348	1	21343
Kapitalismus/NN	1.1000854	1	22565
Kardinal/NN	1.4928265	1	15455
Karelin/NE	9.015749	1	8
Karikatur/NN	3.0688653	1	3239
Karl-Josef/NE	5.0280213	1	494
Karlsruher/ADJ	2.5887122	1	5071
Kaste/NN	2.860819	2	7962
Katastrophenbeschreiber/NN	11.013845	1	1
Kategorie/NN	0.44625616	1	45895
Kater/NN	2.6171823	1	5125
Katz-/TRU	6.703046	1	83
Kellerclub/NN	8.257005	1	18
Kernenergie/NN	3.3208191	1	2426
Kernfusion/NN	4.381843	1	867
Kiefer/NN	3.4675968	2	4354
"Kifaya""-Jugend/NN"	9.032844	1	8
Kind/NN	-2.314344	1	683198
Kindchens/NN	9.915233	1	3
Kindergeschrei/NN	6.300942	1	132
Kirche/NN	-1.0781823	1	196714
Klassenstruktur/NN	6.056259	1	159
Klima/NN	1.8569977	2	21466
Klingonen/NN	3.7010415	1	1666
Klubsitzung/NN	8.723839	1	12
Kneipe/NN	2.9065769	2	7339
Knesset/NN	4.097254	1	1110
Koalition/NN	1.038467	1	23524
Koch/NE	1.5569376	1	15338
Kohl/NN	2.0089157	1	9006
Kollege/NN	-0.03182307	1	69034
Kombattant/NN	4.720888	1	583
Kommentar/NN	-0.19337869	1	95509
Kommunikationspannen/NN	9.627551	1	4
Kompetenz/NN	0.48949537	1	40639
Kompetenzstreitigkeit/NN	6.31792	1	118
Kompost/NN	4.5209107	3	2292
Konferenzzimmer/NN	6.8035707	1	74
Konfession/NN	2.6719282	1	4646
Konflikt/NN	-0.03957356	1	70368
Konfrontation/NN	2.8175633	2	7977
Kongreß/NN	1.003495	1	24752
Kontroverse/NN	4.733579	9	5448
Konvent-Tage/NN	11.013845	1	1
Konventionssekretariats/NN	10.5283375	1	2
Kopf/NN	1.1275036	5	110146
Kopfsatz/NN	6.719967	1	80
Krankenhaus/NN	0.25238198	1	52376
Krankheit/NN	0.600613	2	74025
Kreis/NN	-0.09164217	1	72019
Kreml/NN	3.8051522	1	1493
Kriegsparodie/NN	11.483849	1	1
Kriegsschuldfrage/NN	6.6798277	1	87
Krimi/NN	3.1559775	2	6095
Kriminalist/NN	6.5638676	1	103
Kriminalrat/NN	6.890751	1	70
Kritiker/NN	1.255918	1	20062
Krüppel-Debatte/NN	11.301527	1	1
Kugel/NN	1.6259654	1	13229
Kugler/NN	5.2350326	1	400
Kuh/NN	1.7732058	1	11643
Kulisse/NN	1.9225557	1	9810
Kulturhoheit/NN	5.5484257	1	258
Kunduz/NN	5.8181143	1	202
Kunst/NN	-0.37860492	1	98739
Kurskorrektur/NN	5.3117304	2	686
Kälte/NN	1.8699116	1	10506
König/NN	0.8003621	2	60638
Körper/NN	-0.4305915	1	103229
Körperkontakt/NN	4.3619504	1	888
Kühle/NN	3.4583976	1	2179
Kühler/ADJ	7.0065117	1	72
Künstler/NN	0.18937771	1	55304
LER/NN	5.3315415	1	324
Lage/NN	-0.6634364	1	126690
Land/NN	0.9753573	22	549449
Landesmediengesetz/NN	5.930889	1	179
Landespolitik/NN	3.8673682	1	1461
Landesstreikleitung/NN	9.566926	2	10
Landtag/NN	1.4776014	2	30339
Landtagsanhörung/NN	7.9995365	1	22
Landwirt/NN	1.6229659	1	13148
Langlois/NE	5.9231668	1	197
Lathener/NN	7.1797833	1	51
Lauf/NN	0.1315474	1	58798
Laumann/NE	4.9649963	1	597
Lavater/NN	5.6751056	1	236
Lebens-Abriß/NN	10.320698	1	2
Lebensanschauung/NN	5.8181143	1	200
Leidenschaft/NN	2.2556193	2	14372
Leistung/NN	-0.87411904	1	158447
Leitung/NN	0.43925777	1	43496
Leser/NN	0.10576741	1	59924
Lesung/NN	1.6362332	1	13525
Leute/NN	0.08216165	3	186182
Leutnant/NN	3.6134536	1	1870
Libanonkrieg/NN	7.2310767	2	97
Licht/NN	-0.29225156	1	91465
Liebhaber/NN	2.4215674	1	6019
Lings/ADJ	10.385237	1	2
Literatur/NN	-0.13124707	1	85663
Live-Performance/NN	6.346874	1	119
Live-Talk/NN	8.66247	1	11
Lobby-Schlacht/NN	10.260074	2	5
Lobbying-Aktivitäten/NN	10.202915	1	3
Locke/NN	3.2848241	1	2582
Lohn-/TRU	3.0375502	1	3063
Lokalderby/NN	6.413687	2	222
Losbude/NN	7.291168	1	44
Lucae/NE	10.097554	1	3
Luft/NN	0.81497926	2	60521
Luise/NE	3.0304475	1	3512
Lulas/NE	4.9855666	1	457
Lärm/NN	1.7645844	1	11724
Lücke/NN	1.5459983	1	14394
MUI/NE	8.166033	1	18
Machtablösung/NN	9.085954	1	7
Madrid/NE	2.0439055	1	8893
Magdeburg/NE	1.5198306	1	15331
Magen/sind/NN	11.013845	1	1
Magnum/NN	4.515751	1	765
Magstadter/ADJ	8.08934	1	20
Mahlzeit/NN	1.9120926	1	10321
Mai/NN	-0.64162225	1	168365
Mailander/NN	11.013845	1	1
Maischbergers/NN	9.104302	1	9
Mal/NN	-0.71710694	1	136014
Mandala-Büchern/NN	11.013845	1	1
Mangel/NN	0.4404437	1	43050
Mann/NN	0.5871591	9	342016
Markus/NE	1.0776664	1	25778
Martial-Arts-Einlagen/NN	9.122994	1	7
Massam/NE	9.181264	1	7
Masse/NN	1.1532975	2	42202
Match/NN	3.4716315	3	6296
Matthias/NE	1.9447802	2	21426
Maus-Spiel/NN	7.406311	1	40
McLaren/ADJ	5.8876514	1	192
Medium/NN	0.0658648	2	125575
Mediziner-Niveau/NN	11.013845	1	1
Meeting/NN	3.5226178	2	3943
Mehdorn/NE	4.7614594	2	1255
Meinungsaustausch/NN	3.8149137	1	1482
Meister/NN	0.6188599	1	37357
Melk/NN	5.3821855	1	317
Mellefont/NE	8.383757	1	29
Meme/NN	5.7281065	1	230
Menge/NN	0.8845391	3	81601
Mensa/NN	3.2145016	1	2746
Mensch/NN	-0.9509039	5	864801
Menschenrechtsgerichtshöfe/NN	8.982412	1	8
Mermuth/NE	11.013845	1	1
Mesa/NE	4.4192605	1	837
Messe-Diskussion/NN	11.013845	1	1
Methode/NN	-0.21918634	1	84160
Metropole/NN	2.7486289	2	8568
Metze-Stolzius/NN	11.483849	1	1
Mief/NN	5.4219255	1	291
Mike/NE	2.1569347	1	8780
Mikrofon/NN	2.9620261	1	3544
Militäraktion/NN	3.7774158	1	1521
Mindestlohndebatte/NN	8.71126	2	21
Minister/NN	0.65175843	1	36524
Minute/NN	0.42830595	3	142688
Mitarbeiter/NN	-0.021131363	2	135606
Mitte/NN	-0.24512327	1	87257
Mitteleuropa/NE	2.4271023	1	6073
Mittelpunkt/NN	0.55001694	1	41944
Mittwoch/NN	0.42428207	1	47667
Mißbrauchsgefahr/NN	6.507115	1	103
Mobilfunksendeanlagen/NN	5.1594896	1	378
Moderation/NN	2.5626314	1	6451
Moment/NN	-0.0023898946	1	67963
Monat/NN	0.7465151	7	220096
Monica/NE	3.6223526	1	1947
Monolog/NN	4.005792	2	2458
Montecastello/NN	9.286624	1	6
Montenegro/NE	3.3670733	1	2313
Moo/NE	6.010738	1	172
Munition/NN	2.647155	1	4727
Mutter/NN	-0.7344697	1	142566
Mythen-Musical/NN	11.013845	1	1
Mädchen/NN	-0.1700624	1	80702
März/NN	-0.4549235	1	141908
Möglicherweise/ADJ	2.948501	1	6342
Möglichkeit/NN	-1.4189249	1	267633
Mönch/NN	1.921247	1	9902
Müntefering/NN	2.5851278	1	5673
NATO-Doppelbe-schluss/NN	11.013845	1	1
NATO-Krieg/NN	4.9021006	1	501
NS-Besatzung/NN	8.61595	1	11
Nachbar/NN	0.74193245	1	32159
Nachbarschaft/NN	1.8982	1	9999
Nachdenklichkeit/NN	4.6581717	1	653
Nachfolgediskussion/NN	8.638939	1	12
Nachhut-Gefechten/NN	11.013845	1	1
Nachkriegsirak/NE	6.7389164	1	80
Nachkriegszeit/NN	2.5497098	1	5282
Nachlaßverwalter/NN	5.752451	1	207
Nachricht/NN	0.06363511	1	67474
Nahrung/NN	1.1747493	1	21198
Name/NN	-1.2010474	1	253584
Narzissmus/NN	5.314238	1	352
Natur/NN	0.67190766	3	103132
Neigung/NN	1.8019807	1	10737
Nennung/NN	2.7468774	1	4186
Netz/NN	0.24486539	1	52872
Neugestaltung/NN	3.5316908	2	3857
Neugier/NN	2.379936	1	6332
Neuronale/NN	5.874377	1	191
New/NE	0.598335	2	74387
Nicklichkeiten/NN	7.9752927	1	22
Nicolaus/NN	4.752353	1	621
Niedergang/NN	2.4436562	1	5854
Niederlande/NE	1.8629495	2	20731
Niere/NN	2.276192	1	6912
Nominierungsveranstaltung/NN	8.775799	1	10
OECD-Staat/NN	4.9967737	1	453
Oel/NE	5.9752703	1	169
Offenburger/NN	5.888394	1	187
Okinawa/NE	4.853693	1	529
Online-Gefechte/NN	11.483849	1	1
Operetten-Aufführungen/NN	10.097554	1	3
Opernabend/NN	6.9577217	1	66
Opposition/NN	1.5832553	2	27709
Orangisten/NN	6.9299717	1	65
Orchestertutti/NN	9.032844	1	8
Ordnung/NN	0.03927909	1	65900
Organisation/NN	-0.5822226	1	118746
Organisationskomitee/NN	4.398282	1	808
Ort/NN	0.84089106	6	180086
Owens/NE	6.237878	1	158
PCR-Test/NN	9.104302	1	7
Pamphlet/NN	3.990086	1	1225
Paparozis/NN	11.013845	1	1
Parabel/NN	3.7464068	1	1589
Parlament/NN	2.0273228	6	52619
Parlamentarische/NN	2.374899	1	6007
Partei/NN	-0.8862	1	159649
Parteigänger/NN	4.738142	1	576
Parteispenden-/TRU	9.309097	1	6
Partie/NN	3.4556544	8	17179
Passagier/NN	1.9164494	1	9947
Passant/NN	2.615745	1	5044
Pastor/NN	2.387282	1	6444
Patent/NN	1.9963615	1	9096
Patentierbarkeit/NN	5.750022	4	806
Pathos/NN	3.2398825	1	2661
Peer/NE	3.0274675	1	3492
Peres/NN	3.8147268	1	1558
Periode/NN	1.8915164	1	9946
Personaldiskussion/NN	7.3567142	1	45
Pestilenz/NN	6.0510006	1	158
Peter/NE	0.27947345	2	111992
Petrus/NE	1.9739816	1	10410
Pfd./NN	7.458497	1	37
Pferd/NN	0.36552548	1	47084
Pferdebesitzer/NN	5.8497734	1	197
Pflichtmensur/NN	8.686567	1	12
Pfäffchen/NN	11.483849	1	1
Phase/NN	0.37677035	1	46521
Philanthrop/NN	5.701255	1	233
Pianist/NN	2.9907432	1	3366
Piper/NN	3.521224	1	4445
Pisa-Debatte/NN	8.102854	1	21
Pisa-Studie/NN	4.0347	1	1208
Plan/NN	1.3822626	4	68390
Plenarsäle/NN	4.2243104	1	964
Plenumsdebatte/NN	8.429848	1	16
Poet/NN	3.5712059	1	1900
Polarkreis/NN	5.5746794	2	531
Polemisierende/ADJ	11.706992	1	1
Poletti/NN	8.802827	1	10
Politikgeschichte/NN	6.136741	1	151
Politikwissenschaftler/NN	3.7187037	1	1645
Polizeieinsatz/NN	4.0287814	1	1204
Polizeimannschaft/NN	9.181264	1	7
Polizeioberrat/NN	6.8279853	1	75
Pommesbuden-Erotik/NN	10.60838	1	2
Pornographie/NN	4.1886563	1	1036
Position/NN	-0.13171826	1	75876
Post-'68-Streiten/NN	11.013845	1	1
Pradesh/NE	5.11429	1	395
Praxisgebühr/NN	3.2922747	1	2553
Pressearbeit/NN	3.7308261	1	1666
Printmedien/NN	3.2907803	1	2492
Prionenhypothese/NN	9.286624	1	7
Prioritätenliste/NN	4.4536986	1	783
Prise/NN	3.1428678	1	2786
Private/NN	1.5304002	1	14265
Privatflüge-/NN	11.013845	1	1
Privatleben/NN	2.878205	1	3839
Produktion/NN	0.16748564	1	56231
Profs/NN	5.061251	1	440
Protestierende/NN	4.7740564	1	579
Prozeß/NN	0.25870523	2	103068
Prusiner/NN	7.7273107	1	30
Präsentation/NN	1.1267473	1	21821
Präsident/NN	-0.47395238	1	107924
Präsidentenberater/NN	6.289781	1	123
Präsidentenwahl/NN	3.8909783	1	1359
Präsidentschaftswahl/NN	2.9702218	1	3423
Prüfstand/NN	2.9457555	1	3822
Publikum/NN	1.4672586	3	46993
Puls/NN	3.4829626	2	4394
Punkt/NN	0.29748097	3	157248
Pylades/NN	6.8279853	1	75
Pyroshow/NN	7.690609	1	32
Qualität/NN	1.3877856	5	83853
Quellbrunn/NN	8.830606	1	9
Quelle/NN	-0.059412044	1	104104
RAF/NE	2.9658158	1	3459
RFID-Systeme/NN	7.7605677	1	29
Rangkampf/NN	6.8846965	1	71
Rangstreit/NN	7.9342313	1	26
Raschdorff/NN	7.785019	1	28
Rassenkonflikt/NN	7.2211685	1	49
Rat/NN	0.59219813	2	74331
Ratsdebatten/NN	9.915233	1	3
Ratssitzung/NN	4.2521276	1	948
Ratssäle/NN	5.1357594	1	392
Rauchdampf/NN	9.161461	1	9
Raucherquote/NN	6.5845175	1	91
Raum/NN	-0.20109046	2	164562
Ray/NE	2.8553288	1	4138
Reaktion/NN	1.7043015	4	50079
Realität/NN	0.41429576	1	45647
Rechtfertigung/NN	1.9132637	1	9825
Rechtsaufsichtsbehörde/NN	5.968808	3	528
Rechtschreibreform/NN	4.4292836	3	2481
Redaktion/NN	1.7974418	2	25737
Redaktionsalltag/NN	7.0674205	1	61
Redaktionsdebatten/NN	11.013845	1	1
Rede/NN	1.6177982	6	82881
Rededuell/NN	6.467894	1	105
Redeprivileg/NN	10.385237	1	2
Redezeit/NN	4.5482836	1	720
Rednerei/NN	10.166547	3	7
Reform/NN	2.0902228	7	58024
Reformdebatte/NN	5.6423354	2	487
Reformdiskussion/NN	5.3192716	1	341
Reformer/NN	3.1477458	1	2897
Reformvorhaben/NN	4.3075943	1	899
Regel/NN	-0.7524661	1	139057
Regelung/NN	-0.40274027	1	99671
Regensburger/NN	3.4472106	1	2151
Regierung/NN	-0.26903817	2	173490
Regierungsvertreter/NN	3.6931527	1	1666
Reibung/NN	3.7757971	1	1550
Reichstag/NN	2.4168475	1	6025
Reiseleiter/NN	3.8861513	1	1429
Reiz/NN	1.6021262	1	13728
Rektor/NN	1.8581456	1	10499
Rennen/NN	1.4644287	1	15889
Rentner/NN	1.9399402	1	9943
Reporter/NN	2.330375	1	7208
Requisiteur/NN	6.744148	1	81
Revolutionsromantik/NN	7.6252265	1	36
Richard/NE	1.022713	1	26090
Richelieu/NN	5.6230626	1	255
Richterin/NN	2.4080915	1	5876
Rick/NE	3.3790848	1	2582
Riff/NN	3.3280845	1	2477
Ritter/NN	2.050957	1	8680
Ritzer/NN	5.5054693	1	271
Rocksong/NN	5.8876514	1	192
Roda/NE	5.6871834	1	229
Rolf/NE	1.5374453	1	16142
Rolle/NN	0.28967586	3	156149
Rom/NE	1.8543419	3	32468
Roman/NN	0.0039609424	1	70989
Romanze/NN	4.0012794	1	1247
Rosengesichter/NN	10.60838	2	3
Rot/NN	2.1118996	1	8317
Rothensee/NN	6.5711937	1	94
Roy/NE	3.008186	1	3557
Rozahn/NN	10.385237	1	2
Rushdie-Affäre/NN	8.966152	1	8
Röte/NN	5.516165	1	271
Rücken/NN	1.530676	2	29091
Rückenmark/NN	3.7803895	1	1534
Rücktritt/NN	1.6927127	1	12564
SG/NE	2.333683	1	6759
SPD-Fraktion/NN	2.7122302	1	4441
SPD-Vorsitzende/NN	3.9700303	1	1263
Saal/NN	1.5747867	1	13983
Sache/NN	-0.8483473	1	158312
Sachsens-Anhalts/NN	10.60838	1	2
Salsa/NN	4.795494	1	561
Salzburger/NN	2.4236338	1	6038
Samstag/NN	0.9658189	2	54413
Samstagabend/NN	3.571572	1	1920
Sandbosteler/NN	7.524942	1	35
Sanitärgroßhandels/NN	11.013845	1	1
Satzkonstrukte/NN	9.482368	1	5
Schach/NN	3.575094	2	4003
Schacher/NN	6.462603	1	108
Schatten/NN	0.91489345	1	27355
Schaum/NN	3.518581	1	2065
Scheinverfechter/NN	11.013845	1	1
Schiesserei/NN	7.5377464	3	108
Schilderung/NN	2.1809108	1	7471
Schinkel-Schülers/NE	10.580981	3	5
Schlacht/NN	3.0098135	5	16544
Schlafzimmer/NN	3.2135026	2	5528
Schlag/NN	1.8625118	2	20920
Schlagabtausch/NN	6.018041	6	1003
Schlagflüsse/NN	11.013845	1	1
Schlagwort/NN	2.2298741	1	8298
Schlagzeile/NN	2.904263	2	7824
Schleier/NN	2.8629804	1	3807
Schlemmer-Shakes/NN	10.695392	1	2
Schloß/NN	0.6785182	1	34328
Schlund/NN	4.500244	1	753
Schlußpfiff/NN	4.528065	1	753
Schlägerei/NN	3.6516757	1	1791
Schmauchspur/NN	7.2941937	1	47
Schmerz/NN	0.38793972	1	46364
Schmetterduellen/NN	11.013845	1	1
Schmiedehandwerks/NN	10.385237	1	2
Schmähschrift/NN	6.3598847	1	115
Schnee/NN	1.5370142	1	14910
Schnurren/NN	5.9094157	1	191
Scholl/NE	3.2666261	1	2640
Schreiben/NN	1.0148882	2	50182
Schriftstellern/NN	3.5012958	1	1944
Schuldzuweisung/NN	4.456712	2	1622
Schule/NN	-1.2681974	1	237843
Schulreform/NN	4.2295294	1	1008
Schulsystem/NN	2.6494534	1	4776
Schulzimmer/NN	6.5196066	1	100
Schuß/NN	1.547081	1	14480
Schwefel/NN	3.6704996	1	1724
Schweigen/NN	2.4280708	2	12610
Schweißperle/NN	5.2984633	1	341
Schwiegermütter/NN	3.5187893	1	2027
Schwierigkeit/NN	1.0151126	2	49199
Schwäche/NN	1.1003453	1	22561
Schöngraben/NN	10.048764	1	3
Schülerin/NN	0.99683905	2	48690
Schützenhilfe/NN	4.6715035	1	686
Scientologen/NN	3.890676	1	1392
Seite/NN	-0.69281995	3	414824
Selbst/NN	3.14583	1	2934
Selbstmordattentaten/NN	5.1253133	1	388
Serie/NN	0.61001027	1	36473
Sex/NN	1.5194353	1	15546
Sharon/NE	2.3743677	1	6762
Sharons/NN	4.065788	1	1179
Sicherheit/NN	-0.50983244	1	110843
Sie/PPE	-1.388216	6	2045859
Siedler/NN	2.0699146	1	8531
Singles/NN	2.913418	1	3753
Singwut/NN	11.147376	1	1
Sinn/NN	-1.2512834	1	230811
Sinnlichkeit/NN	3.368268	1	2333
Situation/NN	0.27097654	3	152490
Sitzung/NN	1.9188482	5	50004
Skandal/NN	1.9180741	1	10535
Skaterfoto/NN	10.320698	1	2
Softwarepatente/NN	4.8750386	2	1215
Sohn/NN	-0.5016983	1	110646
Soldat/NN	0.06569548	1	62859
Sommer-Paraden/NN	9.915233	1	3
Sommer/NN	1.8228378	5	55348
Sommerfest/NN	3.6223526	1	1859
Sommerloch/NN	4.561796	1	761
Sommernacht/NN	4.7811513	1	578
Sommertag/NN	4.656653	2	1300
Sonderberichterstatter/NN	5.2632585	1	347
Sondersitzung/NN	4.380362	2	1661
Sonne-Mars-Konjunktion/NN	9.627551	1	4
Sonne/NN	0.15299435	1	58719
Sonntag/NN	0.018891457	1	69907
Spannung./NN	8.830606	2	18
Sparkassen-Mitarbeiter/NN	8.934403	1	9
Specialsuperintendenten/NN	10.454229	1	2
Speise/NN	1.6681764	1	12782
Spezialist/NN	1.8229423	1	10870
Spezies/NN	2.613242	1	4911
Spiegelberg/NE	6.614777	1	113
Spiel/NN	1.1031879	8	182220
Spieler/NN	0.0037005118	1	67510
Spielfeldrand/NN	5.3556705	1	318
Spielphase/NN	6.0856857	1	155
Spielschluß/NN	5.9875	1	171
Spielsucht-und/KON	11.013845	1	1
Sportgerichts-Vorsitzende/NN	8.560687	1	12
Sprache/NN	0.026932817	2	135144
Spraitbacher/NN	8.225752	1	18
Spur/NN	0.52351916	1	40721
Staatsunternehmen/NN	5.5352917	2	523
Stadtmauer/NN	3.3524945	1	2344
Stadtpalais/NN	6.6603465	1	83
Stadtpark/NN	3.711854	1	1661
Stadtparlament/NN	4.6991653	1	614
Stadtsportbund/NN	6.693029	1	86
Stadtverkehr/NN	4.319902	1	897
Stadtverordnete/NN	4.1396465	1	1069
Stammesfehde/NN	6.4825907	1	103
Stammtisch-Diskussion/NN	9.874411	1	4
Stammtisch/NN	3.0746863	1	3272
Stand/NN	-0.009245497	1	71050
Standpunkt/NN	1.2099016	1	19813
Starr-Werden/VAF	10.320698	1	2
Statement/NN	2.7786832	1	4448
Stefan/NE	0.7378202	1	36112
Steinbrück/NN	3.0185804	1	3741
Stelle/NN	-1.0393153	1	187314
Stellungnahme/NN	0.630446	1	36236
Sterbehilfe/NN	2.905899	1	3816
Stern/NN	0.36529997	1	48484
Steuererhöhung/NN	4.358244	2	1848
Steuerpolitik/NN	3.5874448	1	1920
Steuerung/NN	1.6509659	1	12800
Stichwort/NN	1.2803453	1	23466
Stimmung/NN	3.0692244	10	32545
Stoff/NN	1.0685439	2	45448
Strategiediskussion/NN	6.3974876	1	111
Straße/NN	-0.61307186	1	122994
Straßenkicks/NN	11.147376	1	1
Strecke/NN	0.559541	1	38822
Streik/NN	1.4415474	1	16219
Streikversammlung/NN	7.312543	2	88
Streit/NN	3.8006332	22	33934
Streiten/NN	7.069839	1	56
Streiter/NN	4.5315022	1	710
Streiterei/NN	5.4353423	5	1484
Streitgespräch/NN	4.746526	2	1249
Streitigkeit/NN	2.2837	1	6749
Streitobjekt/NN	7.1106105	2	115
Streitpunkt/NN	3.7593136	1	1712
Stube/NN	3.2014668	1	2718
Student/NN	0.047985643	1	64060
Studie/NN	-0.41522458	1	105599
Studiengebühr/NN	1.6528134	1	13449
Studierendengewerkschaft/NN	8.998942	2	16
Stunde/NN	0.6364466	5	178741
Stunt/NN	4.3685913	1	1050
Sturm/NN	1.4745786	1	15570
Städtesystem/NN	7.3828597	1	44
Städtesystems/NN	8.365899	1	16
Stärke/NN	0.6788673	1	34386
Stüler/NE	8.102854	1	22
Suchprogramm/NN	6.1637697	1	141
Sudetendeutsche/NN	3.675038	1	1674
Sulfur-Kinder/NN	11.301527	2	3
Sus/ADJ	7.8515396	1	28
Szene/NN	0.3085128	1	50638
Söldner/NN	3.2194338	1	2723
Süd-Bronx/NN	10.5283375	1	2
Süsse/NN	5.2918954	1	344
Süßmuth/NE	5.9544196	1	193
T.C/NN	9.067935	1	11
Taelons/NN	6.1588893	1	142
Taft/NN	6.5429206	2	203
Tag/NN	0.5847135	14	533000
Tagesarbeit/NN	5.8292565	1	196
Tageslicht/NN	2.8631606	1	3983
Tagesordnung/NN	2.0381122	2	20161
Tagungsort/NN	4.2496715	1	1106
Talent/NN	1.5354737	1	14501
Talk-Show/NN	5.3409514	1	321
Talk/NN	3.9940453	2	2616
Talkshow/NN	3.8980598	2	2762
Taschkent/NN	5.3474183	1	328
Tat/NN	-0.021316813	1	68660
Taxifahrer/NN	3.7229981	2	3388
Team/NN	-0.07394887	1	73275
Teil/NN	0.60359496	11	398589
Teilnehmer/NN	1.0654697	3	70624
Teint/NN	4.8320184	1	552
Temperament/NN	6.4576135	24	2581
Temperatur/NN	2.5788386	5	25567
Tempramentes/NN	11.013845	1	1
Tereschtschenkos/NN	10.097554	1	3
Terin/NN	9.222086	1	6
Terrain/NN	2.7780206	1	4221
Thema/NN	1.2508276	18	368226
Theodor/NE	2.1204438	1	8663
Theorie/NN	0.7710299	2	62728
These/NN	1.4714977	2	32664
Thomas/NE	-0.07851823	1	80596
Thoms/NE	6.7285357	1	84
Thor/NE	3.996675	1	1305
Thüringen/NE	1.3337353	1	18220
Tibeter/NN	3.4869256	1	2056
Tier/NN	0.01009339	2	134683
Tierrecht/NN	3.8424761	1	1417
Tim/NE	2.1343725	1	8929
Tirade/NN	5.0638537	1	418
Titel/NN	-0.5251697	1	133283
Tod/NN	-0.76280725	1	145539
Todesurteil/NN	2.90323	1	3788
Ton/NN	0.6200611	1	37216
Tonfall/NN	3.613148	1	1832
Topalow/NN	7.3995543	1	41
Torversuche/NN	9.79745	1	4
Tourist/NN	1.447186	1	16106
Tournament/NN	5.483424	1	278
Trainingsspiels/NN	8.873779	1	10
Transfer/NN	2.5974395	2	10156
Treffen/NN	0.5788031	1	37990
Treibhauseffekt/NN	3.4426932	1	2242
Treppe/NN	1.7107203	1	12151
Trinken/NN	2.158966	1	8097
Trio/NN	2.8912141	1	3811
Trocknem/NN	11.013845	1	1
Troja-Ausstellung/NN	9.482368	1	5
Trost/NN	2.106859	1	8717
Trotz/NN	2.8419983	1	3980
Trubel/NN	3.7596672	1	1580
Truppe/NN	0.7268696	1	31733
Turnier/NN	1.7156197	1	12179
Tusek/NE	9.915233	1	3
Type/NN	1.7762908	1	11380
Tyson/NE	4.4281907	1	918
Türkenproblem/NN	8.816621	1	10
USA/NE	0.72462535	6	195392
Ufer/NN	1.6388062	1	13008
Umgang/NN	1.0637084	3	66354
Umgangsform/NN	3.729796	1	1617
Umso/NN	3.1413422	1	5047
Unehrerbietigkeit/NN	9.085954	1	7
Ungleichgewicht/NN	3.3311322	1	2417
Union/NN	-0.17233874	1	79331
Universität/NN	-1.1285934	1	203944
Unparteiische/NN	4.453168	1	777
Unterbrechung/NN	2.130482	1	7944
Unterhaltung/NN	2.1270902	2	16625
Unternehmen/NN	-1.3620675	1	260447
Unternehmung/NN	2.2848322	1	6818
Unzeit/NN	5.2708416	1	351
Urban/NE	2.935467	1	3769
Ursache/NN	0.021761816	1	68805
Urvermögen/NN	11.013845	1	1
Utopie/NN	2.0382464	1	9232
Uttar/NE	6.509877	1	96
VC/NN	5.384876	1	298
VFA/NE	5.0796123	1	431
Vampir/NN	2.338004	1	6786
Vehikel/NN	3.7787664	1	1487
Vehring/NN	7.498575	1	40
Venus-Mars-Konjunktion/NN	10.60838	1	2
Verabscheuung/NN	7.7605677	1	27
Verabschiedung/NN	2.8450751	2	7716
Verantwortung/NN	-0.16458105	1	78338
Verbleib/NN	2.6754794	1	4427
Verdacht/NN	0.9982348	1	24282
Verengung/NN	3.595514	1	1808
Verfassungsdebatte/NN	5.9777045	1	172
Verfechter/NN	3.1096487	1	2912
Verfolgung/NN	0.666361	1	33279
Verfolgungsmanövern/NN	11.301527	1	1
Vergangenheit/NN	0.0058873408	1	66060
Vergeltung/NN	3.0201406	1	3346
Verhandlung/NN	0.8452757	2	56648
Verhältnis/NN	-0.58795637	1	116992
Verkehrsexperte/NN	5.354363	1	350
Verknüpfung/NN	2.4473736	2	11447
Verlauf/NN	1.9438736	4	38312
Verleger/NN	2.2988875	1	6742
Verletzung/NN	0.44423145	1	42105
Verliebte/NN	4.4715533	1	797
Vernunft/NN	1.2585964	1	19131
Verrottung/NN	7.1761866	3	155
Versachlichung/NN	5.3884745	2	592
Versammlung/NN	1.1611377	1	20796
Verschiebung/NN	2.2171278	1	7230
Verschmelzungsfantasien/NN	11.483849	1	1
Verstand/NN	1.3857816	1	16830
Verständlicherweise/NN	8.2491	1	21
Verteidigungsversuch/NN	8.802827	1	11
Vertreter/NN	-0.21865866	1	81207
Verträge/NN	7.8568444	1	26
Verweis/NN	1.8530363	1	10469
Verwenden/NN	4.25517	1	973
Verwendung/NN	0.2820458	1	49834
Verwirrspiel/NN	4.99586	1	478
Vesna/NE	6.1765714	1	148
Vgl/NN	1.9699725	1	24217
Vielleicht/ADJ	1.2567353	2	66160
Vielzahl/NN	0.70944434	1	31406
Vierbeiner/NN	3.6219676	1	1795
Volle/NN	4.355353	2	1786
Vorfall/NN	2.3668964	2	12697
Vorfeld/NN	2.890628	5	18326
Vorgehen/NN	1.0481399	1	23793
Vorläufen/NN	7.1770844	1	51
Vorschlag/NN	0.54899496	2	79568
Vorschulserie/NN	8.314163	1	16
Vorstand/NN	0.3512499	1	47263
Vorstellung/NN	0.4549527	2	84589
Vorstoß/NN	2.5497363	1	5271
Vortag/NN	2.7459788	1	4341
Vorwindchen/NN	11.013845	1	1
Vorwurf/NN	1.4419783	2	32175
Vorwärts-Platzsprecher/NN	11.483849	1	1
Vorwärtsstreben/NN	8.61595	1	12
Vorzug/NN	2.072316	1	8415
Vulkan/NN	2.5373957	1	5407
Völkchen/NN	5.0905924	1	423
WAZ/NE	3.9603672	1	1502
Wachau/NN	4.8476396	1	535
Wachkomapatientin/NN	8.966152	1	8
Waehrend/ADJ	6.0722027	1	272
Waffe/NN	0.31407002	1	49012
Wahl-kampfzeiten/NN	11.013845	1	1
Wahljahr/NN	4.5510106	1	734
Wahlkampagne/NN	4.687248	1	616
Wahlkampf/NN	4.083228	13	15021
Wahrheit/NN	-0.11285534	1	76676
Wahrheitsgehalt/NN	3.9627473	1	1260
Waldeyer/NE	7.300273	1	46
Wange/NN	2.7206707	1	4562
Wayne/NE	3.6642122	1	1789
Weibchen/NN	2.266334	1	7295
Weimar/NE	1.8189737	1	11708
Wein/NN	1.5372728	3	44110
Weise/NN	0.5832471	5	183719
Weiße/NN	1.9857612	1	8929
Weißglut/NN	5.532165	1	286
Welt/NN	-1.773469	1	398975
Weltkrieg/NN	0.35663563	1	46758
Wende-Debatten/NN	11.147376	1	1
Wenns/ADJ	5.9998817	2	565
Wenyr/NE	7.8729305	1	27
Werner-Aßmann-Halle/NN	8.448895	1	14
Werner/NE	0.73083	1	35610
Wernicke/NE	6.370055	2	257
Wesen/NN	0.2764868	1	50012
Wettbewerb/NN	0.16378972	1	57233
Wettbewerbsklima/NN	10.385237	1	2
Wetter/NN	0.9131473	1	27982
Wettervorhersage/NN	4.585942	1	740
Wettkampf/NN	2.2437553	1	7247
Wettlauf/NN	3.3099349	1	2496
Wettstreit/NN	3.6002514	1	1829
Widersacher/NN	3.2279162	1	2659
Widerspruch/NN	0.5264045	1	40073
Wido/NE	6.35395	1	121
Wiedereinführung/NN	4.2462144	2	1892
Wien/NE	-0.057086874	1	76213
Wiesbadener/NN	3.5670412	1	1911
Wild/NN	2.2735283	1	7108
Wilhelm/NE	1.4980532	2	31743
Wilhelmshöhe/NN	5.5352917	1	272
Wille/NN	0.7136283	2	63906
Willi/NE	2.066673	1	9330
Windmühle/NN	4.0215187	1	1246
Wirkung/NN	-0.28625384	1	89927
Wirtschaftlichkeitsaspekt/NN	9.72599	1	4
Wirtschaftsredakteur/NN	6.9773946	1	64
Wirtschaftswachstum/NN	2.935331	2	7188
Woche/NN	0.7907407	8	242173
Wolfgang/NE	0.04296281	1	70830
Wolke/NN	1.4818832	1	15556
Woo-Martial/NN	11.013845	1	1
Woolrich/NE	8.730188	2	25
Word/NN	2.9727943	1	3543
Wort./NE	5.75961	1	197
Wort/NN	0.86545676	9	262382
Wortbeitrag/NN	5.569805	1	256
Wortduellen/NN	9.4557	1	5
Wortgefecht/NN	8.093588	19	395
Wortgefechte./NE	11.013845	1	1
Wortmeldung/NN	4.1098466	1	1191
Wortwechsel/NN	6.741703	5	401
Wrisberg/NE	8.686567	1	11
Wunde/NN	0.50103015	1	44288
Wuppertal/NE	1.8639715	1	10953
Wutanfall/NN	4.8189297	1	555
Wärter/NN	3.9329772	1	1363
York/NE	1.0923272	2	46615
Zacharias/NE	4.025547	1	1300
Zauberes.../NN	11.013845	1	1
Zaun/NN	2.1145918	1	8165
Zeit/NN	0.40373352	16	716474
Zeitpunkt/NN	0.43742412	2	83584
Zeitung/NN	-0.24204561	1	90222
Zentrum/NN	1.0347128	3	71375
Zepp-LaRouche/NN	4.6861315	1	662
Zeug/NN	1.2504101	1	19605
Zeuge/NN	2.0469093	3	25968
Zitat/NN	0.4909409	1	74830
Zukunft/NN	0.7295241	5	163036
Zusammenhang/NN	-0.83561254	1	151337
Zusammenstoß/NN	2.8242536	1	3973
Zuschauer/NN	1.513229	3	44901
Zuschauerrang/NN	6.0929523	1	158
Zuwanderung/NN	2.2393968	1	7222
Zweikampf/NN	4.189811	2	2068
Zwischenbilanz/NN	3.2565265	1	2874
Zwischenfrage/NN	4.9673595	1	552
Zwischenruf/NN	3.8009055	1	2293
[/$(	-0.9198701	3	507058
]/$(	-0.10944056	7	526136
ab/APP	-0.46621954	2	223675
ab/PTK	-0.56248885	2	267298
aber/ADV	0.3714078	27	1283912
aber/KON	0.50153464	21	975425
abgründig/ADJ	4.7828717	1	558
abkühlen/VVF	4.56377	1	763
ablaufen/VVI	3.0516906	1	3424
abquälen/VVF	7.7087913	1	30
abschießen/VVP	3.852902	1	1569
abschmecken/VVP	5.93789	1	192
absehen/VVI	2.4444625	1	6316
abspielen/VVF	2.8496904	1	4274
absprechen/VVI	3.4324439	1	2408
abweisend/ADJ	4.082129	1	1160
achten.[51/VVP	11.013845	1	1
aggressiv/ADJ	2.4600065	3	17097
akademisch/ADJ	1.3361843	1	17142
aktivistinnen/ADJ	3.5656567	1	1890
aktuell/ADJ	0.19417422	3	169677
albern/ADJ	3.1027958	1	3103
alle/PIA	-0.49174693	11	1213527
alle/PIS	-0.07664749	14	1045148
allerdings/ADV	-0.32337448	3	311790
allgemein/ADJ	-1.061983	1	193678
allmählich/ADJ	1.9887204	2	18522
alltäglich/ADJ	1.3158376	1	17695
allzu/PTK	2.3080635	4	26079
als/KOK	-0.6457662	27	3376807
als/KOU	0.571927	10	407964
alsbald/ADV	2.6129048	1	4873
also/ADV	-0.39444524	5	544431
alt/ADJ	-1.7927691	1	400256
am/APP	0.24611887	34	1944287
am/PTK	1.7102553	6	72759
amerikanisch/ADJ	0.2708438	2	100594
an/APP	-0.2222586	35	2833177
an/PTK	0.0052647055	7	525549
anblickete/VVF	11.013845	1	1
anbrennen/VVI	5.2780795	1	386
andauernd/ADJ	1.9875026	1	8962
ander/ADJ	-2.6456122	1	928623
ander/PIS	-0.00708303	7	478697
anders/ADV	-0.63173354	1	141840
anderswo/ADV	2.1080616	1	8437
anderthalb/ADJ	2.752932	1	4319
anfangs/ADV	2.0649912	2	18828
anfänglich/ADJ	1.8833598	1	10760
angeblich/ADJ	0.9282234	2	52157
angemessen/ADJ	0.30633995	1	47514
angesichts/APP	1.8421762	6	70124
angestrengt/ADJ	3.9089823	1	1349
anhaltend/ADJ	1.6016153	1	13364
ankündigen/VVF	3.0205626	1	3511
anpeitschen/VVI	11.483849	1	1
anregen/VVP	2.1395545	1	8422
anschließend/ADJ	2.1174557	8	71677
anschmiegsam/ADJ	6.033669	1	159
ansprechen/VVP	1.1956702	1	22032
anspruchsvoll/ADJ	1.6012069	1	13442
anstemmte/VVF	11.013845	1	1
anstiess/VVF	11.013845	1	1
antworten/VVF	1.0309765	3	81826
anwesend/ADJ	1.2723986	1	19561
anzünden/VVP	3.8232632	1	1586
appellieren/VVI	4.044407	1	1256
arbeiten/VVP	0.98105216	1	27043
arm/ADJ	0.44516617	1	42964
arten/VVF	5.2722735	7	2428
atembeklemmend/ADJ	9.915233	1	3
auch/ADV	-0.0061688973	67	4563168
auf./NE	3.4669368	1	1946
auf/APP	-0.71814764	38	5066399
auf/PTK	0.04023808	5	357070
aufbegehrend/ADJ	6.177563	1	134
aufbrausend/ADJ	5.124967	1	400
aufbäumen/VVI	7.7702765	1	29
auffallend/ADJ	2.5313468	1	6242
aufgebracht/ADJ	3.6327324	1	1791
aufgeladen/ADJ	4.4283633	1	766
aufgrund/APP	-0.82173085	1	155972
aufregen/VVI	3.808117	1	1589
aufrührerisch/ADJ	5.0589795	1	413
aufs/APP	1.71813	3	35665
aufspielen/VVF	4.9825587	1	506
aufwerfen/VVF	3.6129954	1	1932
aufwühlend/ADJ	5.1284356	1	392
aufzeigen/VVP	2.089405	1	9113
aus/APP	-0.5996721	19	2272581
aus/PTK	0.6606253	12	471848
ausarten/VVF	5.686272	2	500
ausbrechen/VVI	3.31661	1	2631
ausfechten/VVP	4.834864	1	578
ausführlich/ADJ	1.0805893	2	47273
ausgedörrt/ADJ	6.209824	1	129
ausgefochten/ADJ	7.241084	1	45
ausgehen/VVP	1.2625039	1	19051
ausgetragen/ADJ	4.1908307	1	968
auslösen/VVF	3.6771116	4	7789
auslösen/VVI	2.1240542	1	9084
auslösen/VVP	3.407033	6	14718
ausmachen/VVF	1.7907364	1	12735
ausnutzen/VVF	3.6396863	1	1902
ausschließlichßlich/ADJ	0.3270154	1	45398
auswirken/VVP	3.7513041	1	1803
außer/APP	-0.11348785	1	77009
außerdem/ADV	0.82991004	2	62961
bald/ADV	0.722208	3	100670
bayerisch/ADJ	0.25387776	1	51754
bearbeiten/VVF	2.3272889	1	6927
bearbeitet/ADJ	3.1956158	1	2644
bedenken/VVF	2.0356574	1	10055
beeindrucken/VVI	3.3474474	1	2638
beenden/VVF	2.0857515	1	8954
befallen/VVP	3.1851597	1	3035
befassen/VVF	2.3808484	3	19600
befinden/VVF	0.06933785	2	133130
befunden./VVP	11.013845	1	1
befördern/VVI	3.0224218	1	3695
befürchten/VVI	1.833603	1	11345
begegnen/VVF	1.3915108	1	17932
beginnen/VVF	1.1590217	8	180204
begleiten/VVF	1.8771445	2	21333
beherrschen/VVF	1.965803	1	10149
bei/APP	-0.008602059	40	2761224
bei/PTK	1.7534019	3	41784
beide/PID	0.43398017	8	356070
beim/APP	-0.43450916	5	529503
beispielsweise/ADJ	-0.37520233	1	98747
beitragen/VVF	2.503022	2	12277
beitragen/VVI	1.6982048	2	26389
beitragen/VVP	1.6142489	1	14295
bekannt/ADJ	-0.6001592	1	122096
bekennen/VVF	1.8057196	1	11842
bekennen/VVP	0.015324465	1	72216
beklemmender/ADJ	6.1765714	1	139
bekommen/VVF	0.51537365	4	171138
bekommen/VVP	1.7898483	1	11462
bekömmlich/ADJ	4.7831173	1	598
bemerkbar/ADJ	2.308721	1	7636
bemerken/VVF	1.3174893	1	19237
benötigen/VVF	0.6048057	1	39066
beobachten/VVF	2.5648236	3	16683
beobachten/VVI	0.9168847	1	29414
bereits/ADV	-0.82803047	3	458986
beruhigen/VVF	2.4489336	1	6350
berücksichtigen/VVP	1.2799195	2	41622
beschimpfen/VVF	3.6318762	1	1854
beschließen/VVF	2.3914948	5	32220
beschränkt/ADJ	1.9605533	1	9113
beschuldigen/VVF	3.3707814	1	2449
beschützen/VVI	3.4674647	1	2317
besetzt/ADJ	1.494009	1	14482
besinnen/VVP	4.220519	1	1008
besinnungslos/ADJ	5.5537276	1	260
besonders/ADV	0.7121965	8	279527
besorgt/ADJ	1.7010382	1	12753
bestehen/VVF	-1.2857908	1	258986
bestimmt/ADJ	-1.2421647	1	221970
besuchen/VVF	0.67102647	1	36924
besänftigen/VVI	4.5887733	1	742
beteiligen/VVF	0.9896011	1	25941
beteiligt/ADJ	1.1768311	1	19955
betonen/VVF	0.15713467	1	61385
betrauen/VVP	3.0416808	1	3496
betrieben/ADJ	2.2918148	1	6369
betrinken/VVP	4.141976	1	1167
betäubend/ADJ	5.1885824	1	376
beunruhigt/ADJ	4.20205	1	1036
bevor/KOU	-0.12890589	1	78623
bewegend/ADJ	2.7024775	1	4508
bezüglich/APP	0.7043758	1	32752
biegen/VVP	4.483879	1	785
bieten/VVF	-1.137353	1	219184
bieten/VVP	1.0483749	1	25870
bilden/VVF	-0.3861819	1	102925
bildschön/ADJ	5.353927	1	331
binnen/APP	1.684833	1	12011
bis/APP	-0.22292998	5	419289
bis/KON	0.12253634	13	773738
bis/KOU	1.0295727	4	89825
bisher/ADV	0.14376737	3	178374
bislang/ADV	0.7385827	2	66060
bisweilen/ADV	2.915297	2	7248
bitter/ADJ	3.62013	8	15079
blasen/VVF	2.7985342	1	4241
bleiben/VVF	-0.1953554	4	358721
bleiben/VVI	0.4390166	2	96325
bleiben/VVP	1.9271753	3	33444
bleibend/ADJ	2.277697	1	6746
bloß/ADJ	0.15328951	1	57118
blumig/ADJ	4.5790977	1	691
blutrothes/NE	11.013845	1	1
bohren/VVP	4.25372	1	1017
brandneu/ADJ	4.0733805	1	1182
brauchen/VVF	-1.006978	1	202691
brausend/ADJ	5.5069904	1	271
brechen/VVF	0.65348256	1	36674
breit/ADJ	0.869428	3	82704
brennen/VVF	1.7556792	1	12544
brennend/ADJ	2.2456403	1	7064
bringen/VVF	-0.33465973	2	199670
bringen/VVP	-0.12199143	1	83302
britisch/ADJ	0.3986032	1	44544
brüsk/ADJ	5.5606627	1	270
bzw./KOK	-1.3530973	1	244628
bös/ADJ	0.926589	1	26589
carditis/NE	11.013845	1	1
cholerisch/ADJ	5.3138194	1	330
christlich/ADJ	0.067097105	1	61833
comcosur-Poonal).-/NE	5.6763067	1	227
comp.periphs.scsi/NE	11.013845	1	1
cool/ADJ	1.6047665	1	14881
crux/ADJ	8.448895	1	15
curiren/NN	10.202915	1	3
d.h./NE	0.24285787	1	48641
d/ART	-0.07529723	969	70560395
d/PDA	-0.55361307	2	229445
d/PDS	-0.7837979	13	2235426
d/PRE	-0.06379315	87	5700823
da/ADV	-0.13567862	7	622021
da/KOU	-0.41035375	4	428227
dabei/PAV	0.046330743	7	532659
dafür/PAV	-0.37645745	3	308178
dagegen/PAV	-0.46879265	1	117448
daheim/ADV	2.416363	1	6288
daher/PAV	-1.09795	1	221723
dahin/ADV	1.6890494	1	13208
damalig/ADJ	0.4869657	1	39793
damals/ADV	-0.5701934	1	124431
damit/KOU	-0.6905218	1	129441
damit/PAV	-0.47004756	5	576112
danach/PAV	0.1957694	2	131503
dank/APP	0.31456625	1	52791
dann/ADV	0.24356505	23	1238951
daran/PAV	0.5759249	4	154324
darauf/PAV	-0.3003363	3	272767
daraufhin/PAV	1.579052	2	32084
daraus/PAV	-0.077903196	1	79181
darstellen/VVF	0.44501835	1	48673
darum/PAV	0.3095379	2	104539
darüber/PAV	1.7241867	17	222702
daselbst/ADV	3.6153648	1	1877
dass/KOU	-0.46334282	24	2345945
dauern/VVF	0.58219916	1	40687
davon/PAV	-1.3561773	1	269374
dazu/PAV	-0.42380655	4	459432
dazugehören/VVI	4.656436	1	729
daß/KOU	-0.89374983	8	1252379
debattieren/VVF	5.0443387	2	918
debattieren/VVP	5.6962614	8	1952
debattierend/ADJ	7.4728856	1	37
debattiert/ADJ	7.6966333	3	87
dein/PPO	-0.19076703	4	334372
demagogisch/ADJ	5.8540716	1	195
dementsprechend/PAV	2.3356602	2	15881
denken/VVF	-0.6103389	1	141296
denn/ADV	0.8831671	5	149527
denn/KON	0.4301312	10	503735
dennoch/ADV	1.7251474	7	102804
der...nun/VVF	11.013845	1	1
derart/ADV	1.7982745	2	21359
derartig/ADJ	0.44348043	1	44590
derselbe/PDA	1.5787873	2	27275
derweil/ADV	2.559006	1	5987
derzeit/ADV	2.00684	11	102620
derzeitig/ADJ	1.6214956	2	26575
deshalb/PAV	-1.2898794	1	279871
desto/KON	0.71508574	1	30621
deswegen/PAV	1.4823545	3	52014
deutlich/ADJ	-0.54316014	2	233953
deutsch/ADJ	-0.805699	5	747279
dezimieren/VVF	5.360479	1	330
dickköpfig/ADJ	5.6213546	1	250
dienen/VVF	-0.2737439	1	94874
dienet/ADJ	6.446896	1	112
dies/PDA	-0.14291449	46	3861323
dies/PDS	-0.5399902	7	958894
diesmal/ADV	1.3379288	2	38409
direkt/ADJ	-0.28779292	2	173515
dirigieren/VVF	3.81342	1	1592
diskusion/NN	7.555952	1	35
diskusionen/NN	8.365899	1	16
diskutieren/VVF	3.174093	5	14987
diskutieren/VVI	1.4446508	1	17700
diskutieren/VVP	3.8592	23	36203
diskutiert/ADJ	4.171462	4	3978
doch/ADV	0.22300531	9	499375
doch/KON	-0.25696698	3	340954
dokumentieren/VVF	1.7947555	1	11818
dort/ADV	-0.947366	2	375282
dortig/ADJ	1.4541514	1	15362
draußen/ADV	1.0997638	1	23717
drehen/VVF	0.7609337	1	33523
drei/CAR	-1.0315439	2	379716
dreigliedrig/ADJ	4.549257	1	713
dreistündig/ADJ	4.8534293	2	1044
dreiwöchig/ADJ	4.1915116	1	1001
drey/NE	6.0893126	1	146
dritt/ADJ	0.3195463	2	100133
drohen/VVF	1.6289283	3	42555
drohend/ADJ	1.6234565	1	12774
drängen/VVP	2.412081	1	6284
du/PPE	-0.9645597	5	951094
du/PRF	-0.71497583	1	138602
dunkel/ADJ	0.4175947	1	44457
dunkeln/VVF	3.981331	1	1257
durch/APP	-0.7284189	14	1889102
durchaus/ADV	1.0759455	4	89493
durchforsten/VVI	5.5601277	2	567
durchgreifend/ADJ	3.4381962	1	2172
dürfen/VMF	-1.7649906	1	420711
dürfte./ADJ	8.686567	1	11
e-mail-Debatte/NN	11.013845	1	1
eben/ADV	-0.12229757	2	151699
ebenfalls/ADV	0.52586436	4	159368
ebenso/ADV	1.2465566	8	159632
echt/ADJ	-0.2536897	1	89430
edel/ADJ	1.730812	1	11813
eher/ADV	-0.27228338	2	172212
ehrenhaft/ADJ	4.3770785	1	836
eigen/ADJ	-2.025656	1	490515
eigentlich/ADV	-1.0754269	1	205108
ein./ADJ	3.5982184	1	1736
ein/ART	0.6433217	460	16029647
ein/PIS	-0.2723047	5	453721
ein/PTK	-1.010154	1	178035
einander/PRF	0.9872221	1	25007
eindeutig/ADJ	0.11477505	1	60164
eindringlich/ADJ	2.3277955	1	6545
einerseits/ADV	1.0876241	2	47765
einfach/ADJ	-1.722259	1	385053
einfangen/VVP	3.478148	1	2208
eingeschränkt/ADJ	2.2228532	1	7080
einhergehend/ADJ	2.714839	1	4216
einige/PIA	0.63992184	10	361909
einige/PIS	0.4410292	1	47859
einigen/VVF	3.1730647	2	6035
einigermaßen/ADV	1.8112723	1	10707
einkeilen/VVP	6.1169386	1	155
einlassen/VVI	2.525154	1	5875
einmal/ADV	-0.60413206	3	367199
einmischen/VVI	3.254391	1	2859
einredenden/ADJ	9.915233	1	3
einrückend/ADJ	7.1770844	1	50
einschlägig/ADJ	1.2727882	1	18174
einstecken/VVI	4.4532566	2	1745
eintragen/VVI	2.398822	1	6839
einzig/ADJ	-0.8601565	1	161339
eiskalt/ADJ	4.3258796	4	3696
eitel/ADJ	3.161649	1	2889
eitrig/ADJ	5.5156527	2	541
elektronisch/ADJ	0.31686166	1	47804
emotional/ADJ	2.444777	4	22763
emotionsgeladen/ADJ	6.7255282	4	327
empfehlen/VVF	0.5829771	1	40936
empfinden/VVP	2.6350234	2	10486
empfindsam/ADJ	4.0934205	1	1104
empfunden/ADJ	2.98931	1	3194
enden/VVF	1.5534563	3	45148
endlos/ADJ	2.6402335	2	9627
eng/ADJ	1.3940295	6	97532
engagieren/VVF	1.2779185	1	19983
enorm/ADJ	0.6674962	1	34835
ent-/TRU	4.7930064	1	546
entbrennen/VVF	6.6979055	14	1229
entbrennen/VVP	5.362526	3	1118
entdecken/VVF	1.0251378	1	25949
entfachen/VVF	5.9702854	6	1058
entfachen/VVP	5.5585237	4	1157
entfesseln/VVI	5.517702	1	291
entflammen/VVF	5.3289905	1	329
entgegenschleudern/VVP	7.300273	1	49
entladen/VVF	4.06315	1	1224
entpuppen/VVF	2.7232075	1	4511
entscheiden/VVI	0.37060103	1	49576
entschlossen/ADJ	2.6460078	2	9333
entschuldigen/VVI	2.8249476	1	4451
entschärfen/VVI	4.5086217	2	1655
entspannen/VVF	3.4505146	1	2359
entspannt/ADJ	2.2116609	1	7441
entspinnen/VVF	4.9573536	1	502
entsponn/NE	9.429725	1	5
entsprechend/ADJ	0.4722496	6	251909
entstammen/VVF	2.8746598	1	3990
entstanden/ADJ	1.1827668	1	19764
entstehen/VVF	1.3522993	7	132668
entstehen/VVP	0.59640795	1	40436
entwickeln/VVF	2.1034892	8	68309
entz&#xFC;ndet/VVF	11.147376	1	1
entzweien/VVF	5.3821855	1	319
entzünden/VVF	4.168364	2	2193
er/PPE	0.17074671	62	3717691
erbaut/ADJ	3.3096528	1	2370
erbittert/ADJ	3.026915	1	3231
erblich/ADJ	3.2778108	1	2526
erfahren/VVF	0.36512196	1	49505
erfolgreich/ADJ	-0.6471621	1	128889
ergeben/VVF	-0.35751835	1	101776
ergiebig/ADJ	3.5689387	1	1970
ergreifen/VVP	2.21375	1	7594
erinnern/VVF	1.1110868	3	73290
erkannt/ADJ	3.1561708	1	2748
erklären/VVF	-0.7676982	1	149116
erklären/VVI	0.59689033	1	40089
erklären/VVP	0.38103202	1	49704
erkunden/VVP	4.015107	1	1300
erleben/VVI	1.2746574	1	20900
erneut/ADJ	1.1649077	4	82707
ernten/VVP	3.5613701	1	2087
erregen/VVF	2.8020906	1	4330
erregt/ADJ	4.044407	1	1201
erschießen/VVF	3.4432085	1	2312
erschoss/NN	4.792758	1	590
erst/ADJ	-0.4502423	10	1043687
erst/ADV	0.5265544	1	67601
erstaunen/VVF	3.7861824	1	1680
erstechen/VVF	5.195618	1	387
erstmalig/ADJ	2.3391566	2	12850
erwarten/VVF	0.38367575	1	49158
erwarten/VVI	0.5054474	1	44201
erwarten/VVP	0.71856034	1	37739
erwartend/ADJ	1.9748714	1	8775
erweisen/VVF	0.95674616	1	26798
erwidern/VVF	3.5988705	3	6451
erwähnen/VVP	1.5501714	2	30272
erzeugen/VVF	2.6376684	2	10296
erzählen/VVF	-0.10584527	1	79796
eröffnen/VVI	2.197251	1	8408
es/PPE	0.6065089	122	4888376
etwa/ADV	-1.6104959	1	331502
etwas/ADV	1.1148165	16	350644
etwas/PIA	0.6368346	2	71352
etwas/PIS	-0.0984891	1	75464
europäisch/ADJ	-1.3930913	1	263374
existieren/VVI	2.4553418	1	6337
exquisit/ADJ	4.230378	1	977
extra/ADJ	1.6167969	1	13255
extrem/ADJ	0.32936823	1	48041
fahren/VVF	-0.035235837	2	146777
fahren/VVP	1.5008755	1	16149
fallen/VVF	1.1191018	7	162906
falsch/ADJ	-0.4442586	1	108847
fanatisch/ADJ	3.004939	1	3283
faschistisch/ADJ	2.1956403	1	7231
fast/ADV	-1.319053	1	251561
federführend/ADJ	3.054831	1	3206
fehlen/VVF	-0.2250235	1	94649
fehlen/VVI	2.1847467	1	8811
fehlgeschlagen/ADJ	4.1736994	1	1012
feiern/VVP	1.6383187	1	15149
festgehalten/ADJ	4.289862	1	871
festgestehen/VVP	6.0686374	1	159
feuerfarbenem/ADJ	11.013845	2	2
feuerköpfigen/ADJ	11.013845	1	1
feurig/ADJ	4.0550404	2	2315
finanziell/ADJ	-0.20244174	1	80180
finden/VVF	0.03715137	8	549449
finden/VVI	-0.58943635	1	134973
finster/ADJ	2.267884	1	6890
fireball.de/VVF	11.013845	1	1
flach/ADJ	1.5687191	1	13888
flackern/VVF	4.609443	1	725
flammen/VVF	5.339663	2	689
flattern/VVF	3.5943894	1	1925
flatternd/ADJ	5.054452	1	423
flutend/ADJ	6.5016127	1	99
folgen/VVF	1.7731792	10	127660
folgen/VVP	1.5118803	1	14827
folgend/ADJ	-0.07072921	3	235299
folglich/ADV	1.6624392	1	14335
fordern/VVF	1.1446604	5	116160
fortreißen/VVF	8.411156	1	14
fragen/VVF	-0.3990861	1	118887
fragen/VVI	0.7007053	1	35470
französisch/ADJ	0.66847	2	67468
frech/ADJ	3.6450849	3	5378
frei/ADJ	-1.1093426	1	201759
freudig/ADJ	2.5994046	1	5076
fromm/ADJ	2.003924	1	9116
frostig/ADJ	4.4370275	1	835
fruchtbar/ADJ	1.7775445	1	11280
fröhnen/ADJ	6.5322556	1	108
früher/ADJ	-0.054812815	1	70333
frühreif/ADJ	5.5999694	1	256
fuer/VVF	1.693989	1	11808
fördern/VVP	1.4310578	2	36455
förmlich/ADJ	2.041397	1	8574
führen/VVF	1.6423819	18	250267
führen/VVI	1.6923019	7	95509
führen/VVP	3.843705	47	73103
fünf/CAR	-0.04925783	2	141226
fünfstündig/ADJ	5.260479	1	349
fünfzehn/CAR	2.4160862	1	6045
für/APP	-0.17138977	75	5884834
fürchten/VVF	1.9323541	2	21122
füreinander/NE	3.5069098	1	2085
gabs/VVF	3.5125556	1	2121
gang/ADJ	3.8968422	1	1303
ganz/ADJ	-0.11756546	11	831486
gar/ADJ	-0.1464023	3	224176
gastieren/VVP	6.31792	1	136
geahndet/ADJ	6.944818	1	61
gebaut/ADJ	2.5552082	1	5010
geben/VVF	0.5684114	28	1171019
geben/VVI	-0.2368517	2	187693
geben/VVP	0.50709164	3	131470
gebührend/ADJ	3.7315993	2	3140
gefuehrten/ADJ	8.314163	1	15
geführt/ADJ	5.369195	51	15168
geführter/ADJ	7.2881517	1	43
geführteste/ADJ	10.320698	1	2
gegeben/VVF	6.81102	1	72
gegen/APP	-0.9324866	5	824591
gegenseitig/ADJ	1.8358665	4	42017
geheim/ADJ	1.8993206	2	19856
geheiztem/ADJ	8.762553	1	10
gehen/VVF	0.29826733	15	820223
gehässig/ADJ	5.6985884	3	678
gehören/VVF	-0.6242065	2	271560
geil/ADJ	2.1791623	1	8459
geistreich/ADJ	3.6390593	1	1768
gekränkt/ADJ	5.130871	1	395
gelb/ADJ	1.2990769	1	18585
gelegentlich/ADJ	1.714567	2	24532
gelingen/VVF	0.7793802	2	65871
gelöscht/ADJ	5.3732686	2	611
gemeinsam/ADJ	-0.66477287	2	260382
gemessen/ADJ	1.851645	1	10910
gemutmaßt/ADJ	8.392806	1	16
gemütlich/ADJ	1.5877483	1	13954
gentechnisch/ADJ	2.036099	1	8404
geplant/ADJ	1.2555686	3	55907
gepraegten/VVP	8.348354	1	15
gerade/ADJ	0.38777587	4	200169
gerade/PTK	0.1567059	2	109345
geradezu/ADV	1.0454538	1	23610
geraten/VVF	1.4808416	2	31853
gern/ADV	0.90269816	2	55215
gerne/ADV	0.60895354	3	111092
geschlagener/ADJ	8.365899	1	15
gesellschaftlich/ADJ	1.1715124	5	100154
gestern/ADV	1.3887137	3	53104
gestikulieren/VVP	7.386176	1	42
gestohlen/ADJ	3.3103294	1	2422
getrübt/ADJ	5.4209943	1	304
gewaltig/ADJ	0.9264486	1	26852
gewinnen/VVF	0.21211103	1	58078
gewinnen/VVI	0.45913312	1	47909
gewohnt/ADJ	1.7407881	1	11527
gewöhnlich/ADJ	0.98189825	1	24802
gießen/VVF	3.0467381	1	3534
gießen/VVI	3.6237407	1	1880
glauben/VVF	0.29773882	3	166261
gleich/ADJ	0.56542754	8	303659
gleichen/VVF	1.6606388	1	13758
gleichermaßen/ADV	1.3779755	1	17164
gleichzeitig/ADJ	0.122576624	2	129031
glimmen/VVF	5.1329627	1	423
global/ADJ	0.2004747	1	54403
globalisierungskritische/ADJ	4.5048895	1	736
glühen/VVF	4.1428833	1	1144
glühend/ADJ	2.7775238	1	4085
gottogott/ADJ	11.301527	1	1
gravierend/ADJ	1.7048818	1	12282
greifen/VVF	0.37921625	1	48648
grell/ADJ	3.1219068	1	3075
grenzenlos/ADJ	2.6096525	1	5145
grob/ADJ	1.6432902	2	25803
grossartigen/ADJ	6.053626	1	150
groß/ADJ	-1.2705573	4	946781
großstädtisch/ADJ	4.600591	1	658
grün/ADJ	0.10038968	1	61261
gut/ADJ	-0.94297385	7	1231467
gut/die/NN	11.013845	1	1
gutmütig/ADJ	3.7890916	1	1519
günstig/ADJ	0.23033917	1	54055
haben./NE	2.2382183	1	6669
haben/VAF	-0.07978612	76	5953400
haben/VAI	-0.61049587	3	409249
haben/VAP	0.63131666	1	38332
hal/NE	7.690609	2	57
halt/ADV	0.43883297	1	44707
halten/VVP	0.35074976	1	50401
hart/ADJ	1.1001637	3	67651
hastig/ADJ	4.179131	2	2178
heben/VVF	0.8428526	1	30578
heftig/ADJ	2.2494793	5	35761
heiß/ADJ	2.1860287	5	38433
hektisch/ADJ	2.6297548	1	4924
helfen/VVF	-0.2684842	1	95810
her/PTK	1.5225608	3	48557
heraus/PTK	1.2686793	3	60732
herausragend/ADJ	1.4753166	1	15423
herb/ADJ	4.309354	4	3655
herrlich/ADJ	1.2216243	1	20461
herrschen/VVF	1.3217152	2	38796
herrschen/VVI	3.3365026	1	2636
herumliegend/ADJ	5.168129	1	374
heruntergekommen/ADJ	3.8521261	1	1394
hervor/PTK	2.1765494	4	33672
hervorrufen/VVP	2.4801881	1	5999
hervorrufend/ADJ	6.9598885	1	62
hessisch/ADJ	1.3147559	1	17794
heute/ADV	-0.1854231	6	506827
heutzutage/ADV	1.4901547	1	15872
hier/ADV	-0.46056327	8	951338
hiesig/ADJ	2.1742241	1	7420
hin/PTK	0.36001062	2	98114
hinaus/PTK	1.2154922	2	42303
hinein/ADV	2.2716	2	13795
hineinsteigere/VVF	9.142043	1	8
hinsichtlich/APP	0.19534753	1	54427
hinter/APP	0.029772293	2	130029
hinwegsehen/VVI	4.68971	1	673
hoch/ADJ	-1.9976771	1	487971
hochkarätig/ADJ	2.7748787	1	4171
hoffen/VVF	0.045064975	1	73031
hoffentlich/ADV	1.3806663	1	18571
hoffnungsfroh/ADJ	5.1452546	1	410
hot/ADJ	4.843189	1	536
humorvoll/ADJ	2.9285123	1	3590
hundert/CAR	1.0140535	1	24049
hä.../NE	10.320698	1	2
häufig/ADJ	-0.781565	1	148240
höllisch/ADJ	3.6789446	1	1727
hören/VVF	0.42040128	2	95676
hüten/VVI	3.2423036	1	2860
ich/PPE	-0.31904587	42	4298378
ich/PRF	-0.3730363	7	686801
ideologisch/ADJ	2.50439	3	15994
idiopathischen/ADJ	7.1852036	1	49
ihr/PPE	0.2528267	9	495008
ihr/PPO	-0.61407995	21	2491926
im/APP	0.031424984	83	5476180
immer/ADV	1.1028425	42	926198
in/APP	0.5334299	328	12747122
indem/KOU	-0.47484413	1	103113
indes/ADV	1.5670797	1	14893
informativ/ADJ	2.1451151	1	8117
inhaltslos/ADJ	5.3092294	1	331
initiieren/VVP	2.7416255	1	4550
inmitten/APP	2.9863005	3	10195
innenpolitisch/ADJ	3.498092	3	6068
ins/APP	-0.14712696	4	306474
insgesamt/ADV	-0.77301127	1	158307
inspirieren/VVI	3.4358275	1	2331
instabil/ADJ	3.142057	1	2918
intellektuell/ADJ	1.5985352	1	13107
intelligent/ADJ	1.4104917	1	16467
intensiv/ADJ	1.1478192	3	62666
international/ADJ	-0.29744816	3	266689
interpretiert/ADJ	4.8171463	1	521
inwieweit/ADV	1.3871984	1	17238
inzwischen/ADV	1.6756035	8	107586
irgendwann/ADV	0.653542	1	37260
irgendwo/ADV	1.5808862	2	27866
israelisch/ADJ	1.9030238	5	49353
italienisch/ADJ	1.3872273	2	33355
ja/ADV	-0.024994522	5	352540
ja/PTK	0.046809014	3	221604
jagen/VVF	2.2674665	1	7344
japanisch/ADJ	1.0866958	1	22603
je/ADV	1.0556089	5	127799
jed/PID	-0.24444102	8	711101
jed/PIS	-0.7076828	1	142737
jedenfalls/ADV	-0.02545429	1	74989
jederzeit/ADV	1.4699966	2	30426
jedoch/ADV	-0.015030657	6	411956
jeglich/PIA	0.7404763	1	31514
jemand/PIS	-0.5943361	1	125024
jen/PDA	0.50258094	3	117243
jen/PDS	0.74287117	1	31301
jetzt/ADV	-0.3888936	5	532367
jeweils/ADV	-0.64370775	1	121709
jung/ADJ	0.4058629	6	267550
ka-news-Forum/NN	11.147376	1	1
kalkuliert/ADJ	3.7549927	1	1535
kalt/ADJ	2.0997481	6	50268
kaltgeschmiedetem/ADJ	10.320698	1	2
katholisch/ADJ	3.3523767	19	43950
kaum/ADV	0.38631815	4	186437
kein/PIA	-0.5044499	13	1467723
keinAnlass/NN	11.301527	1	1
kennen/VVF	-0.7140739	1	150995
kennen/VVI	0.4353806	1	45606
keuchen/VVF	6.272452	4	609
kinoreife/ADJ	9.050235	1	8
kirchenintern/ADJ	6.8707104	1	70
kirchlich/ADJ	0.74221784	1	31138
klar/ADJ	-1.0701864	1	206972
klein/ADJ	-0.5550939	4	466013
kleinbürgerlich/ADJ	3.8057075	1	1447
klingen/VVI	2.425029	1	6788
klug/ADJ	1.5057918	1	15121
klären/VVF	2.4328322	1	6388
knackig/ADJ	3.5263212	1	2026
kochen/VVF	3.1547375	3	9408
kommen/VVF	0.96613455	31	859956
kommen/VVI	-0.7260318	1	154650
kommen/VVP	0.5382486	2	84191
kommentieren/VVF	1.4028594	1	17783
konfus/ADJ	4.998603	2	911
konkret/ADJ	-0.43746832	1	105094
konservativ/ADJ	1.4173073	1	16095
kontern/VVF	3.7753482	1	1741
kontrovers/ADJ	4.0638485	6	7074
konturieren/VVF	6.4024444	1	114
kraftvoll/ADJ	2.7373867	1	4328
krank/ADJ	0.7506091	1	31806
kritisch/ADJ	1.0908449	3	68229
kulissenreißenden/ADJ	11.013845	1	1
kulturpolitisch/ADJ	3.4112566	1	2168
kurz/ADJ	0.68082494	8	279754
kurzbrennweitigen/ADJ	7.6126475	1	31
kurzlebi/ADJ	11.013845	1	1
kälter../ADJ	11.013845	1	1
kämpfen/VVP	2.459043	1	6127
können/VMF	-0.08892204	44	3523832
körperlich/ADJ	0.34636742	1	46339
kühl/ADJ	2.1990504	2	15170
kühlen/VVF	4.3328333	2	1872
kühlen/VVP	4.199165	1	1066
kühn/ADJ	3.349205	2	4738
künden/VVF	3.9518676	1	1372
kündigen/VVF	1.8825005	2	21777
landesweit/ADJ	2.002108	1	8991
lang/ADJ	0.872428	13	359585
lange/ADV	0.8276807	5	147134
langjährig/ADJ	1.1792186	1	20245
langsam/ADJ	0.6433681	2	72726
langweilig/ADJ	1.4875996	1	16305
langwierig/ADJ	3.2121212	2	5368
langängst/ADJ	0.1990064	1	54531
lassen/VVF	0.730196	16	556276
lassen/VVI	-0.40649837	2	229089
lau/ADJ	3.3816257	1	2333
laufen/VVF	0.17246056	2	120894
laufend/ADJ	0.32461968	1	47268
lauschen/VVF	3.020816	1	3536
lauschen/VVI	4.0537343	1	1302
laut/ADJ	1.8932858	4	41797
lautstark/ADJ	2.710433	1	4469
leben/VVF	-0.80442315	1	162130
lebhaft/ADJ	2.8226936	2	8051
legen/VVF	0.59468484	3	117689
lehnen/VVF	1.4670146	2	33146
leicht/ADJ	-1.0126351	1	185248
leiden/VVF	0.51543313	1	42813
leidenschaftlich/ADJ	3.2947338	3	7453
leider/ADV	-0.6928313	1	152440
lernen/VVI	0.17552468	1	60169
lesen/VVF	-0.20368876	1	93799
letzt/ADJ	-0.19499357	5	406379
letztlich/ADJ	0.41025636	1	45498
liberal/ADJ	1.4632806	1	15231
liefern/VVF	3.032578	12	41065
liefern/VVP	3.0435364	3	10626
liegen/VVF	0.1021343	7	452115
listig/ADJ	4.0208297	1	1211
locker/ADJ	2.115744	2	16142
ls/NE	3.7354748	1	1756
lösen/VVF	3.03466	10	33934
lösen/VVP	1.3466654	1	18806
ma/NE	5.709297	1	222
machen/VVF	0.25186852	10	562217
machen/VVP	-0.46520305	2	230357
mal/ADV	1.0953281	21	471880
man/PIS	0.02323396	28	1905692
manch/PIA	1.5280452	7	107641
manch/PIS	1.0111572	1	29006
mancherorts/ADV	4.1040916	1	1171
manchmal/ADV	2.5817246	16	87684
manipulieren/VVF	4.0359807	1	1248
mehr/ADV	-0.3876503	11	1095300
mehr/PIA	0.4535631	6	258281
mehr/PIS	1.8858949	1	10714
mehrere/PIA	-0.8972776	1	163487
mehrfach/ADJ	1.4238446	2	31997
mehrheitlich/ADJ	2.1391697	1	7710
mehrmals/ADV	1.4863608	1	15273
mehrparteiig/ADJ	11.013845	1	1
meiden/VVF	3.0969007	1	3443
meiden/VVI	3.1870527	1	3132
mein/PPO	-0.526628	8	956066
meinen/VVF	-0.74912786	1	156424
meist/ADV	-0.4901583	1	108851
meistens/ADV	1.7948505	3	34839
melden/VVF	1.7737436	3	36694
menschlich/ADJ	-0.5003122	1	107986
merken/VVI	2.0047033	1	9692
mexikanisch/ADJ	2.1339376	1	7861
mit/APP	0.081572615	104	6289843
mit/PTK	-0.5207086	1	125344
mitangehörten/ADJ	11.013845	1	1
miteinander/ADV	0.08543206	1	62626
miterlebt/ADJ	7.2382145	1	47
mitten/ADV	2.4304287	5	29623
mitunter/ADV	2.2843063	2	13727
mißglückt/ADJ	5.576309	2	488
modern/ADJ	-0.5251039	1	112861
monatelang/ADJ	2.7194204	1	4451
montenegrinische/ADJ	7.1961327	1	51
moralisch/ADJ	1.384967	2	32626
multikulturell/ADJ	3.5599935	2	3806
murmeln/VVF	3.3363867	1	2600
musika-lische/ADJ	9.4044075	1	5
musikalisch/ADJ	0.74059725	1	32399
mutig/ADJ	2.4115527	2	12248
mächtig/ADJ	0.76482815	1	30642
mäßigend/ADJ	6.283144	1	120
mögen/VMF	-0.23656529	4	374536
möglich/ADJ	-0.90718627	2	348388
müssen/VMF	-1.9435114	3	1517803
nach/ADV	1.0486187	2	46418
nach/APP	0.83165354	88	2617921
nach/PTK	1.6102895	6	85072
nachkommen/VVI	2.5912097	1	5567
nachrichtlich/ADJ	5.05123	1	495
nachsetzen/VVP	7.171708	1	57
nachvollziehen/VVP	3.9109342	1	1440
nah/ADJ	-1.5155355	1	311787
nahezu/ADV	0.60038215	1	36735
national/ADJ	-0.4741331	1	103690
natürlich/ADJ	0.12900582	5	318779
neben/APP	-0.4510575	2	237260
negativ/ADJ	1.2520434	3	57855
nehmen/VVF	-0.75797576	2	306547
neigend/ADJ	4.773082	1	537
nennen/VVF	-0.18625152	1	87502
ner/VVF	6.5112615	1	100
nervig/ADJ	3.117897	1	3178
neu/ADJ	-1.5236405	4	1234858
news/NN	3.98864	1	1327
nich/ADJ	3.7302823	3	4765
nicht-technischen/ADJ	7.2353535	1	46
nicht/PTK	-0.67572975	44	5812570
nichts/PIS	-0.115971714	4	317630
nie/ADV	0.055575863	3	193265
nieder/ADJ	3.1429155	2	5752
niederträchtig/ADJ	4.648664	1	627
noch/ADV	0.12045139	33	1928654
noch/KON	0.50833917	1	39139
nochmals/ADV	0.9115783	1	27858
"noir""-Klassikers/NN"	10.320698	1	2
nterlassen/VVF	11.013845	1	1
nun/ADV	0.39505357	11	537652
nur/ADV	-0.2975143	24	2142725
nähern/VVF	1.8217195	1	11482
nässende/ADJ	6.657136	1	85
o/VVF	2.973962	1	3456
ob/KOU	0.57008284	12	450867
obwohl/KOU	0.5057728	3	134027
oder/KON	-0.5004146	26	2762766
offenbar/ADJ	0.9311893	2	53976
oft/ADV	2.0986507	29	239953
oftmals/ADV	2.4503946	4	23396
oh/ITJ	1.5150416	1	20631
ohne/APP	-1.3646523	2	525257
ohne/KOU	-0.36566335	1	90676
ohnehin/ADV	1.3551158	2	33688
open/NN	4.280443	1	935
orthodox/ADJ	2.166108	1	7536
packend/ADJ	3.2865853	1	2548
parallel/ADJ	1.0958322	1	24319
passen/VVF	0.5182883	1	44341
passieren/VVF	1.3809202	1	19133
persönlich/ADJ	0.4565246	4	168752
phantasieren/VVF	5.6190815	1	259
philosophieren/VVF	4.5202804	1	764
philosophisch/ADJ	1.3296335	1	17689
plazieren/VVP	2.892736	1	4065
plumpsen/VVI	5.566569	1	273
plötzlich/ADJ	1.3048091	4	76492
polarisieren/VVF	5.056713	1	469
polarisierend/ADJ	6.835619	6	435
polemisch/ADJ	4.393383	3	2486
politisch/ADJ	1.0864346	15	331045
polternd/ADJ	5.54	1	260
populär/ADJ	1.6500006	1	12933
prominent/ADJ	1.8077637	1	11251
prophezeien/VVF	3.1090028	1	3171
provisorisch/ADJ	2.7399662	1	4230
provozieren/VVF	2.6473002	1	5120
prächtig/ADJ	2.1269002	1	8160
prägen/VVP	1.4592592	2	33758
ranken/VVF	3.9985814	1	1306
rasch/ADJ	0.5414882	1	38524
rasen/VVF	2.9906614	1	3570
rastlos/ADJ	4.721235	2	1198
rauschend/ADJ	3.9812207	1	1246
raushaben/VVF	8.6046505	1	13
reagieren/VVF	1.0058285	1	26969
reagieren/VVI	2.2565627	2	15921
reagieren/VVP	1.3948447	1	18179
recht/ADJ	0.35149056	4	189218
rechthaberisch/ADJ	5.5326853	1	268
rechtlich/ADJ	-0.056991577	1	69459
rechtshistorische/ADJ	6.9112015	1	67
reden/VVF	0.6621162	1	37992
reden/VVP	2.1136026	1	8549
reflexartig/ADJ	4.76895	1	582
regelmäßig/ADJ	1.4598278	6	92655
regelrecht/ADJ	1.8150207	1	10916
regen/VVF	2.4321876	2	12484
regulieren/VVI	3.9595032	1	1442
reisen/VVF	1.40687	1	17336
reißen/VVF	2.2842052	2	14284
relativ/ADJ	-0.06757614	1	70306
relativieren/VVF	3.7774158	1	1639
religiös/ADJ	0.07187341	1	60632
replizieren/VVF	6.282042	1	132
respektvoll/ADJ	3.480352	1	2031
retten/VVF	2.0485582	1	9170
revolutionär/ADJ	2.0253522	2	17326
richten/VVP	1.2198584	1	20848
richtig/ADJ	0.110771604	4	250474
rient/NE	11.013845	1	1
ringen/VVF	2.9760191	1	3604
roh/ADJ	2.323476	1	6620
rollend/ADJ	3.8844473	1	1361
romantisch/ADJ	1.7299638	1	11924
rot/ADJ	0.85459185	2	57966
rufen/VVF	1.4168465	4	72078
rufen/VVI	2.153612	1	9093
ruhig/ADJ	1.0688887	2	46265
rund/ADV	-0.41654226	2	201701
röten/VVP	5.0654836	1	442
rüberkommen/VVF	6.0442486	4	707
rühren/VVF	2.1112022	1	8890
sachlich/ADJ	0.9174566	1	26192
sagen/VVF	-1.9192281	1	501909
sagen/VVI	-0.89728177	1	177804
sammeln/VVF	1.2987146	1	19609
samtig/ADJ	5.3943505	1	310
sarkastisch/ADJ	3.7014582	1	1721
sauer/ADJ	3.444788	4	8949
saufen/VVF	4.097378	1	1169
scharf/ADJ	1.755163	3	35145
scheinen/VVF	0.8874806	6	177531
scheuet/VVF	8.08934	1	21
schicken/VVF	0.8240936	1	31208
schildern/VVF	1.5484942	1	15043
schlagend/ADJ	3.7960348	1	1494
schlecht/ADJ	-0.10113887	2	152244
schliesslich/ADJ	4.2315397	5	4746
schließen/VVF	-0.0077347127	1	72578
schließlich/ADV	0.9743598	6	170363
schlimm/ADJ	1.3607945	3	55322
schläfern/VVI	7.0893993	1	55
schmecken/VVI	3.1569448	1	3296
schmelzen/VVF	3.295882	1	2671
schmerzhaft/ADJ	1.9787662	1	9357
schmierig/ADJ	4.295738	1	901
schneidig/ADJ	5.4908853	1	296
schnell/ADJ	0.30098233	5	248701
schon/ADV	0.0822854	16	995867
schrecken/VVF	2.871418	1	4077
schrecklich/ADJ	1.1896983	1	20947
schreiben/VVF	-0.062229183	2	159908
schreiten/VVF	2.3579774	1	6640
schriftlich/ADJ	0.65020293	2	68810
schrill/ADJ	3.3055465	1	2495
schuld/ADJ	2.8067157	2	8988
schwer/ADJ	-0.41137975	2	201953
schwierig/ADJ	-0.1643819	1	80628
schwitzig/ADJ	7.043553	1	59
schwärmerisch/ADJ	4.734152	1	579
schwül/ADJ	6.1252203	6	911
schwülwarm/ADJ	7.0065117	1	63
schön/ADJ	0.14544085	4	244057
sechsstündig/ADJ	5.510039	1	269
segeln/VVF	3.5806217	1	1965
sehen/VVF	-0.7353317	3	455497
sehen/VVI	-0.50734	2	247655
sehen/VVP	-0.42408076	1	109006
sehr/ADV	0.893482	31	855879
sei-/TRU	5.9109344	1	170
sein/PPO	0.1570505	47	2659871
sein/VAF	-0.08636471	169	13437315
sein/VAI	-1.1483088	4	930566
sein/VAP	0.5738394	4	160881
seinerzeit/ADV	2.5225596	2	10498
seinerzeitig/ADJ	4.409732	1	781
seit/APP	0.9205598	18	511707
selbst/ADV	0.82747483	20	596346
selten/ADJ	-0.26113257	1	89803
setzen/VVF	0.8364101	7	215587
sich/PRF	0.22119893	98	5123610
sicher/ADJ	0.8349075	7	211643
sie/PPE	-0.3574408	34	3210323
sinnlich/ADJ	2.8565283	2	7537
sinnlos/ADJ	1.8295021	1	11029
so/ADV	0.4011836	53	2475805
sobald/KOU	0.78259265	1	35035
sofort/ADV	-0.5037906	1	112650
sogar/ADV	-0.16363047	3	232908
sogenannt/ADJ	0.8532586	3	83341
sogleich/ADV	1.889008	1	10056
solch/PID	0.3718165	8	381544
sollen/VMF	-0.83254194	9	1526703
sommerlich/ADJ	4.060459	2	2333
sondern/KON	-0.931701	4	626120
sonst/ADV	-0.5749298	1	121556
sooo/NE	3.1608715	1	2813
sorgen/VVF	3.235149	23	63004
sorgen/VVI	2.1103299	3	26034
sorgen/VVP	3.9515865	8	11528
souverän/ADJ	2.5254114	2	10722
sowie/KON	-1.4555862	2	530140
sowohl/KON	-0.69988126	1	134498
sozial/ADJ	-1.2908058	1	236519
spalten/VVF	3.185807	1	2923
spanisch/ADJ	1.0765057	1	22627
spannend/ADJ	2.0291042	4	36985
spielen/VVF	0.61963725	4	155305
spielen/VVP	0.8956645	1	29617
spielet/VVF	7.7273107	1	30
spontan/ADJ	1.280538	1	18662
sprechen/VVF	-1.064302	1	217210
springen/VVF	2.4202464	3	18951
spähen/VVF	4.766286	1	601
spät/ADJ	-1.4448159	1	291581
spätestens/ADV	2.3579664	6	39753
stark/ADJ	0.07888216	5	306162
starren/VVF	2.5476556	1	5639
statt/APP	0.028609473	1	71550
statt/PTK	-0.24225733	1	105554
stattfinden/VVF	0.78768533	1	34308
stattfinden/VVI	1.3521743	1	20236
stattlich/ADJ	3.6453476	2	3429
stehen/VVF	-0.65171313	5	685614
steif/ADJ	2.8236291	1	4081
steigen/VVF	-0.038690485	1	73622
steigern/VVF	1.930983	1	10382
stellen/VVF	-0.94149005	2	365124
sterben/VVF	0.8751099	2	61715
stets/ADV	0.66069806	2	66788
stilierten/ADJ	11.013845	1	1
still/ADJ	0.7908951	1	31187
stillen/VVF	3.7230406	1	1764
stimmen/VVF	1.5186148	4	68741
stinkend/ADJ	3.7010415	1	1623
stinkichter/ADJ	11.013845	1	1
stolz../ADJ	11.013845	1	1
stoßen/VVP	2.211548	1	8163
streckenweise/ADJ	4.155674	1	1047
streiten/VVF	2.9371226	3	11337
streiten/VVI	2.7197328	1	4894
streiten/VVP	3.8030264	2	3258
streitsüchtig/ADJ	6.7906675	3	228
streuen/VVI	4.157646	1	1138
strikt/ADJ	2.3716063	2	12412
stundenlang/ADJ	3.0961266	2	6046
städtebaulich/ADJ	2.9056733	2	7159
ständig/ADJ	-0.45254034	1	104041
stärkend/ADJ	4.7764974	1	551
stürmisch/ADJ	3.6360471	2	3608
stürzen/VVF	1.4205152	1	17092
stürzen/VVI	2.4949284	1	6071
suchen/VVF	0.17192002	2	122056
suspekt/ADJ	3.9926493	1	1362
symptomatisch/ADJ	3.5644925	1	2021
sächsisch/ADJ	2.053682	1	8554
säuseln/VVF	5.569265	1	275
tadelnd/ADJ	6.0856857	1	157
tatsächlich/ADJ	-0.81575537	1	155871
tauchen/VVF	1.0151722	1	25773
teil/PTK	1.1515962	1	24901
teilnehmen/VVF	1.7559295	1	12866
teils/ADV	3.7391522	13	19766
teilweise/ADJ	3.3367486	36	84051
temperamentvoll/ADJ	4.1236176	1	1099
tewas/NE	11.013845	1	1
theologisch/ADJ	2.2052424	2	14654
tief/ADJ	0.27378926	2	100791
toben/VVF	2.734243	1	4651
toll/ADJ	0.14292218	1	63625
top/ADJ	2.800497	1	4293
torlos/ADJ	5.096969	1	424
tragen/VVF	0.7728924	4	132320
transparent/ADJ	1.7179923	1	12039
transportieren/VVF	3.0252173	1	3468
traurig/ADJ	2.1230845	3	25786
treffen/VVF	0.560483	3	123458
treiben/VVF	0.9202176	1	28309
treiben/VVP	1.9093931	1	10586
trennen/VVF	1.6742653	1	13649
treten/VVF	-0.6980123	1	142811
trippeln/VVF	5.9316645	1	186
trotz/APP	1.6872027	10	135513
trotzallem/ADJ	6.693029	1	83
trotzdem/PAV	0.5621222	2	90642
tschechisch/ADJ	1.9389521	1	9525
tun/VVF	-0.72479373	1	153060
tun/VVI	-0.8804962	1	176577
turbulent/ADJ	3.877511	2	2839
typisch/ADJ	0.34166804	1	49772
tödlich/ADJ	1.3357378	1	18201
türkisch/ADJ	0.7518791	1	31260
u.dgl./NE	6.997462	1	59
um/APP	1.4217587	92	1475297
um/KOU	-0.8260471	5	714646
umarmen/VVF	3.589978	1	2073
umden/ADJ	9.79745	1	4
umgehen/VVF	1.8671368	1	11110
umher/PTK	2.9934514	1	3615
umrahmen/VVP	4.252996	1	1093
umringen/VVF	4.212423	1	1024
ums/APP	2.2158117	3	22275
umstritten/ADJ	1.207612	1	21078
umständlich/ADJ	2.859848	1	3898
unberücksichtigt/ADJ	2.80026	1	4555
unbestechlich/ADJ	4.4755244	1	771
unbestätigt/ADJ	3.6017601	1	1760
und/KON	0.31087446	446	21083711
unerträglich/ADJ	2.0794888	1	8733
ungefällig/ADJ	10.097554	1	3
ungewöhnlich/ADJ	1.7022123	2	25031
unmenge/ADJ	9.4557	1	5
unordentlich/ADJ	4.7153554	1	615
unreal/ADJ	4.7325134	1	602
unsachlich/ADJ	3.7657855	1	1530
unser/PPO	-0.97322476	5	910787
unter/APP	0.4395151	24	1030196
unterhalten/VVF	1.6550739	1	13707
unterlegen/ADJ	3.935398	1	1267
unterstützen/VVF	0.1651756	1	60791
untersuchen/VVP	0.92799944	1	29781
unverhältnismäßige/ADJ	4.868587	1	485
unverschämt/ADJ	3.1477458	1	3001
unversöhnlich/ADJ	4.1518717	1	1076
unzensiert/ADJ	4.8605804	1	518
unzureichend/ADJ	2.1303174	2	16082
unzählig/ADJ	1.3924054	1	16711
unüberlegt/ADJ	4.159227	1	1044
unübersichtlich/ADJ	2.8324044	1	4052
ursprünglich/ADJ	0.7833923	2	62452
user/VVF	6.4799023	1	103
veganen/ADJ	6.1895394	2	265
verabschieden/VVF	1.8955513	1	10600
verabschieden/VVP	1.476001	1	17148
veranlassen/VVF	2.19005	1	7589
veranstalten/VVF	1.9939995	1	9378
verbal/ADJ	2.8821857	2	7416
verbauen/VVP	3.782106	1	1670
verbunden/ADJ	0.27251756	1	48758
vereinigen/VVF	2.933298	1	3822
vereitelt/ADJ	6.1915493	1	134
verfallen/VVF	2.5953953	1	5264
verfallen/VVP	2.9705832	1	3724
verfassen/VVF	0.8065652	1	50541
verfluchen/VVF	4.1062145	1	1182
verfolgen/VVF	1.8848457	3	32117
verfolgen/VVP	2.2129526	3	23688
verfolgend/ADJ	4.784102	1	543
verfügen/VVF	0.17270158	1	60181
vergangen/ADJ	0.6052066	3	106931
vergeblich/ADJ	1.713641	1	12964
vergleichsweise/ADJ	1.7539171	1	11370
verheerend/ADJ	2.1152062	1	8195
verhindern/VVF	1.2990618	1	19477
verhindern/VVI	0.48552257	1	45525
verirren/VVF	4.0669894	1	1195
verkaufen/VVI	1.3012682	1	20005
verkennen/VVI	4.2693443	1	946
verkopfte/ADJ	7.6126475	1	32
verkörpern/VVF	2.2251754	1	7766
verlangen/VVF	1.502322	2	32336
verlassen/VVF	0.8425752	1	30446
verlaufen/VVF	1.7506157	2	24925
verlaufend/ADJ	3.1351213	1	2775
verletzend/ADJ	3.811463	1	1452
verletzender/ADJ	7.8729305	1	25
verliebt/ADJ	3.1698494	1	2904
verlieren/VVF	0.83163255	2	61725
vermeindlichen/ADJ	6.7406573	1	75
vernachlässigen/VVP	2.4147031	1	6604
verraucht/ADJ	5.685969	1	223
verrückt/ADJ	1.9698101	1	9533
verschieden/ADJ	0.580772	8	292577
verschlagen/VVP	4.23905	1	1081
verschwitzen/VVP	5.9591928	1	179
versehentlich/ADJ	2.9208412	1	3489
versengenden/ADJ	8.934403	1	9
versprechen/VVF	1.5460852	2	31059
versprechen/VVP	1.9315795	1	10560
versterben/VVP	2.963301	1	3854
verstricken/VVP	3.6570065	1	1840
versuchen/VVF	-0.02503569	2	144877
versuchen/VVP	0.38252205	1	44681
verteidigen/VVF	2.0449712	1	9349
verteilen/VVP	1.0526193	1	25529
vertiefen/VVP	3.6543775	2	3902
vertreten/VVP	0.4968049	1	44830
verursachen/VVF	1.9959143	2	18750
verwegen/ADJ	4.119175	1	1102
verweisen/VVF	0.8313015	1	31790
verwickeln/VVP	2.6490166	1	5054
verzehrendem/ADJ	8.888594	1	9
verzichten/VVI	1.0065382	1	27503
verzweifelt/ADJ	1.5986065	1	14161
verändert/ADJ	0.93353534	1	25551
viecher.../ADJ	11.013845	1	1
viel/ADV	-1.2010567	1	222731
viel/PIA	0.15065767	3	176931
viel/PID	-0.26757056	7	647424
viel/PIS	0.66018987	5	176726
vielleicht/ADJ	-1.0118225	1	180318
vielmehr/ADV	1.0653442	3	79956
voll/ADJ	0.1842063	3	166423
vollkommen/ADJ	0.67952514	1	34291
vom/APP	-1.3059305	5	1269927
von/APP	-0.40864664	79	7719045
vor/ADV	0.2888198	1	51513
vor/APP	0.08516389	22	1346085
vor/PTK	-0.56041247	2	260194
vorangehen/VVP	4.299826	1	1023
vorantreiben/VVI	2.6490457	1	5511
voranzudrängen/ADJ	11.483849	1	1
voraus/PTK	1.4818333	2	34016
vorausgehen/VVF	4.7251735	2	1296
vorausgehen/VVP	3.594015	1	2241
vorbei/PTK	0.91603523	1	30760
voreilig/ADJ	3.5550103	1	1944
vorgehen/VVP	3.1279047	1	3218
vorher/ADV	-0.050889216	1	71113
vorkommen/VVF	2.803143	3	13510
vorläufig/ADJ	0.9916082	1	25105
vorsichtig/ADJ	1.1024761	1	23401
vorstellbar/ADJ	2.5599377	1	5764
vorstellen/VVP	0.6439893	1	40287
vortragen/VVP	1.975851	1	9701
vorzubeugen(/VVI	11.483849	1	1
vorübergehend/ADJ	1.2822362	1	18096
völlig/ADJ	0.049242597	2	128408
wachsend/ADJ	2.1959734	4	29050
wahr/ADJ	-0.287464	1	93259
wahrhaft/ADJ	2.4128623	1	5922
wahrlich/ADV	2.0335155	1	9853
wahrnehmen/VVP	1.3580018	1	18643
wann/PWA	0.9288513	2	59779
warm/ADJ	0.6319788	1	36156
warnen/VVP	3.3156269	3	8115
warum/PWA	-0.17513199	2	196796
was/PIS	-1.1360626	1	209597
was/PRE	0.0422602	10	595143
was/PWS	-0.38611892	4	546042
weder/KON	0.6703715	3	102574
wegen/APP	0.79563236	9	268974
weich/ADJ	1.2319391	1	19555
weil/KOU	0.19675356	10	530578
weilen/VVP	6.8746862	1	75
weit/ADJ	-0.36090747	10	1011857
weitergehend/ADJ	1.9840078	1	9698
weitgehend/ADJ	0.26463404	1	50771
weitläufig/ADJ	3.0495155	1	3192
welch/PRE	0.45467094	9	356855
weltanschaulich/ADJ	2.790553	1	3936
wenig/ADV	0.13803379	1	58666
wenig/PIA	0.690899	4	134090
weniger/ADV	1.0707191	6	135503
wenn/KOU	-0.009487011	25	1808892
wer/PWS	-0.4812474	3	424597
werd/VVF	1.6942916	1	12962
werden./NE	1.0242944	1	22288
werden/VAF	0.4058169	138	6686253
werden/VAI	-0.42701414	15	1765328
werden/VAP	0.515988	11	490575
werdend/ADJ	2.0078418	2	17151
werdenen/ADJ	6.934191	1	63
werfen/VVF	0.33106983	1	50597
wert/ADJ	1.0814846	1	25416
wesentlich/ADJ	-0.8176542	1	150409
wetterwendisch/ADJ	7.6595645	1	33
wichtig/ADJ	-1.7965938	1	426337
wie/KOK	0.29741633	29	1413198
wie/KOU	-0.1352133	15	1208140
wieder/ADV	0.7239597	27	875707
wiederhergestellt/ADJ	5.360479	1	304
wiederholtermaßen/ADJ	9.429725	1	5
wild/ADJ	0.9088973	1	26977
willen/APP	1.7837756	1	11231
wir/PPE	-0.50876886	20	2467836
wir/PRF	-0.19412224	6	479037
wird´s/NE	4.967064	1	518
wirken/VVF	0.4370017	2	93857
wirken/VVI	1.2660395	1	20423
wirklich/ADJ	-1.4142286	1	279196
wirksam/ADJ	0.33063126	1	48085
wissen/VVF	-1.4673434	1	318180
wissenschaftlich/ADJ	-0.6518595	1	125894
wittern/VVF	3.666787	1	1876
witzig/ADJ	2.4854028	2	11860
wo/PWA	0.71719337	12	393429
woher/PWA	1.4232035	1	19491
wohl/ADV	0.56326413	7	264593
wohnen/VVF	1.7006736	3	39508
wol/ADJ	5.401173	1	315
wollen/VMF	-1.8614154	2	943664
worden/ADJ	1.2206538	1	19182
wählen/VVI	0.995356	1	27256
während/APP	0.6620739	5	168166
während/KOU	1.294924	9	199554
wärend/ADJ	4.802743	1	521
wühlen/VVF	4.169296	1	1092
wünschen/VVF	0.80997974	2	66301
wüst/ADJ	4.783167	5	2798
wüten/VVF	5.0197797	3	1403
wütend./ADJ	7.86754	1	24
wütend/ADJ	1.9846369	1	9781
z.B./ADV	-0.47224227	2	205952
z.T./NE	2.0917368	1	7810
z.T./VVF	7.0065117	1	56
zahlreich/ADJ	1.0845106	5	114858
zehn/CAR	-0.47346133	1	107647
zehnjährig/ADJ	2.7228312	1	4393
zeichnen/VVF	1.4589667	2	32840
zeigen/VVF	0.6129785	8	306460
zeitgenössisch/ADJ	1.5705494	1	13634
zeitweise/ADJ	1.8651141	1	10230
zentral/ADJ	-0.2981967	1	91089
ziemlich/ADJ	1.8766745	7	71970
zirka/ADV	2.848517	1	3841
zirkulieren/VVP	5.6010833	1	266
zischen/VVF	4.068794	1	1261
zitiert/ADJ	2.0770538	1	8174
zitternd/ADJ	3.5710595	1	1929
zombihaften/ADJ	10.320698	1	2
zu/APP	0.99073017	115	2797015
zu/PTK	-0.21643683	61	5294936
zu?/ADJ	10.320698	1	2
zudröhnen/VVP	6.8017173	1	78
zuerst/ADV	0.17195791	1	61714
zufolge/APP	0.9448112	1	26314
zugehen/VVF	4.6756926	6	4091
zugehen/VVP	5.0811853	4	1777
zugeordnet/ADJ	2.8902502	1	3905
zuhilfe/NN	8.523744	2	27
zulassen/VVP	1.2185483	1	21443
zuletzt/ADV	0.88931775	3	86979
zum/APP	-0.23125488	24	2054982
zunehmend/ADJ	-0.2135228	1	81711
zunächst/ADV	0.22089763	3	168127
zur/APP	-0.6224384	16	1978437
zurück/PTK	-1.0940248	1	219613
zurückdämmt/VVF	11.013845	1	1
zurückkehren/VVP	2.445436	1	6396
zurücklassen/VVP	3.8432448	1	1570
zusammen/ADV	0.13606316	2	118472
zusammen/PTK	-0.20399271	1	94567
zusammenkommen/VVF	3.4608207	1	2267
zustimmen/VVP	2.1978629	1	8587
zuweilen/ADV	3.3205154	3	7267
zwar/ADV	-0.10030016	4	310172
zwei/CAR	-0.16633628	7	561343
zweieinhalb/CAR	2.7468133	1	4363
zweistündig/ADJ	3.4426932	1	2132
zweit/ADJ	-1.3293159	1	259670
zweitägig/ADJ	3.1867535	1	2765
zwi-schen/VVF	7.469269	1	36
zwischen/APP	1.5981977	47	609236
zwölfjährig/ADJ	4.191784	2	2029
zügeln/VVI	5.492384	2	593
zügig/ADJ	1.8649546	1	10264
/ADJ	2.0296214	1	9467
Es/NE	3.0954893	1	2770
Ey/ADJ	11.483849	1	1
Stimmt/VVF	7.911503	1	30
Und/NN	3.9108315	1	1599
pietistischen/ADJ	11.013845	1	1
sozialen/ADJ	5.7707763	1	199
/ADJ	0.3581604	5	227067
/TRU	2.1197062	1	7375
/VVF	-1.5017145	1	282514
«/$(	-0.54551727	4	504819
·/XY	0.09787056	1	63504
»/$(	-0.50046426	5	575638
Ältestenrat/NN	3.8903737	1	1367
Ärger/NN	1.706015	1	12655
Äußerung/NN	1.6454117	2	25538
Ænur/NE	10.320698	1	2
ÖVP-Klubomann/NN	10.385237	1	2
Öffentlichkeit/NN	1.8848871	7	70886
Öfteren/ADJ	5.0731807	2	799
Öl/NN	1.5284615	2	29699
Österreich/NE	-0.23558682	1	87081
Überaktivität/NN	6.1197433	1	148
Überblick/NN	1.6538461	3	38793
Überfall/NN	2.1937733	1	7431
Überwachungsstaat/NN	4.7269163	1	622
â/ADJ	1.9319347	1	9393
â/VVF	1.6438441	1	12120
âIch/ADJ	4.962933	1	730
äußerst/ADJ	2.458758	6	34217
öffentlich/ADJ	1.2966892	14	248738
über/APP	1.413091	127	1999265
überaus/ADV	3.0877614	4	12111
überdachen/VVP	3.8360627	1	1526
überdenken/VVI	3.1383457	1	3260
übergehend/ADJ	5.128783	1	382
überhand/PTK	4.5387974	1	740
überhaupt/ADV	-0.08561406	2	145034
überlegen/VVF	1.8020806	1	12137
überreden/VVI	3.1282337	1	2975
überschatten/VVP	4.426467	1	911
überschäumend/ADJ	5.141727	1	382
übertreiben/VVI	5.2059526	3	1236
übertönend/ADJ	8.2491	1	17
überwiegen/VVF	2.594182	1	5539
überwirklichen/ADJ	10.5283375	1	2
überzeugend/ADJ	1.3218272	1	18266
üblich/ADJ	0.2241162	1	53305
übrig/ADJ	-0.3547611	1	102074
